Id,Partition,Code,Description,Type,Extra,Shop,ShopExtra,Brand,BrandType,,,,,
,Public,218AB17,Roots Blower,Blower,1,RMA,,,,,,,,
,Public,218AB18,Roots Blower,Blower,1,RMA,,,,,,,,
,Public,218AB19,Roots Blower,Blower,1,RMA,,,,,,,,
,Public,228AB17,Roots Blower,Blower,1,RMB,,,,,,,,
,Public,228AB18,Roots Blower,Blower,1,RMB,,,,,,,,
,Public,312AB14,Rotary Piston Blower,Blower,1,Homo,,,,,,,,
,Public,312AB15,Rotary Piston Blower,Blower,1,Homo,,,,,,,,
,Public,312AB16,Rotary Piston Blower,Blower,1,Homo,,,,,,,,
,Public,312AB17,Rotary Piston Blower,Blower,1,Homo,,,,,,,,
,Public,312AB31,Rotary Piston Blower,Blower,1,Homo,,,,,,,,
,Public,312AB32,Rotary Piston Blower,Blower,1,Homo,,,,,,,,
,Public,312AB33,Rotary Piston Blower,Blower,1,Homo,,,,,,,,
,Public,312AB34,Rotary Piston Blower,Blower,1,Homo,,,,,,,,
,Public,312AB43,Turbo Blower,Blower,1,Homo,,,,,,,,
,Public,312AB46,Roots Blower,Blower,1,Kiln1,,,,,,,,
,Public,312AB47,Roots Blower,Blower,1,Kiln1,,,,,,,,
,Public,312AB58,Roots Blower,Blower,1,Kiln1,,,,,,,,
,Public,312AB59,Roots Blower,Blower,1,Kiln1,,,,,,,,
,Public,312AB60,Roots Blower,Blower,1,Kiln1,,,,,,,,
,Public,312AB61,Roots Blower,Blower,1,Kiln1,,,,,,,,
,Public,315AB55,Preh.Emergency Stack Cap,Blower,1,Kiln1,,,,,,,,
,Public,322AB17,FEED BIN FLUIDISATION AIR BOOSTER,Blower,2,Kiln2,,,,,,,,
,Public,325AB41,DUST BIN FLUIDISATION AIR BOOSTER,Blower,2,Kiln2,,,,,,,,
,Public,331AB31,FLUIDIZATION SILO BOOSTER,Blower,2,Kiln2,,,,,,,,
,Public,331AB32,FLUIDIZATION SILO BOOSTER (STAND BY),Blower,2,Kiln2,,,,,,,,
,Public,331AB33,FLUIDIZATION SILO BOOSTER,Blower,2,Kiln2,,,,,,,,
,Public,501AB07,Roots Blower (Silo A),Blower,1,Packing,,,,,,,,
,Public,501AB09,Roots Blower (Silo A),Blower,1,Packing,,,,,,,,
,Public,501AB21,Roots Blower (Silo B),Blower,1,Packing,,,,,,,,
,Public,501AB23,Roots Blower (Silo B),Blower,1,Packing,,,,,,,,
,Public,501AB35,Roots Blower (Silo C),Blower,1,Packing,,,,,,,,
,Public,501AB37,Roots Blower (Silo C),Blower,1,Packing,,,,,,,,
,Public,501AB49,Roots Blower (Silod),Blower,1,Packing,,,,,,,,
,Public,501AB51,Roots Blower (Silod),Blower,1,Packing,,,,,,,,
,Public,502AB17,Roots Blower (Silo A),Blower,1,Packing,,,,,,,,
,Public,502AB39,Roots Blower (Silo B),Blower,1,Packing,,,,,,,,
,Public,502AB61,Roots Blower (Silo C),Blower,1,Packing,,,,,,,,
,Public,502AB83,Roots Blower (Silo D),Blower,1,Packing,,,,,,,,
,Public,624AB09,Blower,Blower,2,Coal2,,,,,,,,
,Public,624AB11,Blower,Blower,2,Coal2,,,,,,,,
,Public,624AB27,Blower,Blower,2,Coal2,,,,,,,,
,Public,624AB29,Blower,Blower,2,Coal2,,,,,,,,
,Public,418AE07,Turbo Blower,Valve,1,CMA,,,,,,,,
,Public,428AE07,Turbo Blower,Valve,1,CMB,,,,,,,,
,Public,501AE11,Pneumatic Cut Off Valve  Limit Switch Open,Valve,1,Packing,,,,,,,,
,Public,501AE25,Pneumatic Cut Off Valve  Limit Switch Open,Valve,1,Packing,,,,,,,,
,Public,501AE39,Pneumatic Cut Off Valve  Limit Switch Open,Valve,1,Packing,,,,,,,,
,Public,501AE53,Pneumatic Cut Off Valve  Limit Switch Open,Valve,1,Packing,,,,,,,,
,Public,10BAF15,Paddle Wheel For Apron Feeder,Apron Conveyor,1,RMA,,,,,,,,
,Public,114AF03,Limestone Apron Feeder,Apron Conveyor,1,Crusher,,,,,,,,
,Public,115AF13,Apron Feeder For Limestone,Apron Conveyor,1,RMA,,,,,,,,
,Public,115AF15,Apron Feeder ,Apron Conveyor,1,RMA,,,,,,,,
,Public,115AF17,Apron Feeder,Apron Conveyor,1,RMA,,,,,,,,
,Public,164AF03,Apron Feeder New Clay Crusher,Apron Conveyor,1,Crusher,,,,,,,,
,Public,216AF03,Spillage Conveyor,Apron Conveyor,1,RMA,,,,,,,,
,Public,226AF03,Spillage Conveyor,Apron Conveyor,1,RMB,,,,,,,,
,Public,403AF05,Apron Conveyor,Apron Conveyor,1,CMB,,,,,,,,
,Public,323AG26,Gas Analyzer,Gas Analyzer,2,Kiln2,,,,,,,,
,Public,323AG27,Gas Analyzer,Gas Analyzer,2,Kiln2,,,,,,,,
,Public,334AG53,Gas Analyzer,Gas Analyzer,2,Kiln2,,,,,,,,
,Public,208AS09,Shut-Off Gate,Blower,1,Homo,,,,,,,,
,Public,208AS13,Turbo Blower,Blower,1,Homo,,,,,,,,
,Public,208AS17,Turbo Blower,Blower,1,Homo,,,,,,,,
,Public,208AS19,Fan Exhaust,Blower,1,Homo,,,,,,,,
,Public,216AS51,Turbo Blower,Blower,1,RMA,,,,,,,,
,Public,218AS01,Turbo Blower,Blower,1,RMA,,,,,,,,
,Public,218AS05,Turbo Blower,Blower,1,RMA,,,,,,,,
,Public,218AS07,Turbo Blower,Blower,1,RMA,,,,,,,,
,Public,218AS09,Turbo Blower,Blower,1,RMA,,,,,,,,
,Public,218AS21,Turbo Blower For Air Slide,Blower,1,RMA,,,,,,,,
,Public,226AS51,Turbo Blower,Blower,1,RMB,,,,,,,,
,Public,228AS01,Turbo Blower,Blower,1,RMB,,,,,,,,
,Public,228AS05,Turbo Blower,Blower,1,RMB,,,,,,,,
,Public,228AS07,Turbo Blower,Blower,1,RMB,,,,,,,,
,Public,228AS09,Turbo Blower,Blower,1,RMB,,,,,,,,
,Public,228AS21,Turbo Blower For Air Slide,Blower,1,RMB,,,,,,,,
,Public,312AS12,High Pressure Fan,Blower,1,Homo,,,,,,,,
,Public,312AS29,High Pressure Fan,Blower,1,Homo,,,,,,,,
,Public,312AS35,High Pressure Fan,Blower,1,Homo,,,,,,,,
,Public,312AS36,High Pressure Fan,Blower,1,Homo,,,,,,,,
,Public,312AS54,Turbo Blower,Blower,1,Kiln1,,,,,,,,
,Public,312AS55,Turbo Blower,Blower,1,Kiln1,,,,,,,,
,Public,312AS67,Turbo Blower,Blower,1,Kiln1,,,,,,,,
,Public,312AS74,Turbo Blower,Blower,1,Homo,,,,,,,,
,Public,315AS59,Roots Blower,Blower,1,Kiln1,,,,,,,,
,Public,331AS02,DISTRIBUTOR TOP SILO,Blower,2,RMC,,,,,,,,
,Public,418AS01,Turbo Blower,Blower,1,CMA,,,,,,,,
,Public,428AS01,Turbo Blower,Blower,1,CMB,,,,,,,,
,Public,512AS03,Turbo  Blower,Blower,1,Packing,,,,,,,,
,Public,512AS09,Turbo  Blower,Blower,1,Packing,,,,,,,,
,Public,513AS19,Turbo Blower,Blower,1,Packing,,,,,,,,
,Public,522AS03,Turbo Blower,Blower,1,Packing,,,,,,,,
,Public,522AS09,Turbo Blower,Blower,1,Packing,,,,,,,,
,Public,523AS19,Turbo Blower,Blower,1,Packing,,,,,,,,
,Public,532AS03,Turbo Blower,Blower,1,Packing,,,,,,,,
,Public,532AS09,Turbo Blower,Blower,1,Packing,,,,,,,,
,Public,533AS19,Turbo Blower,Blower,1,Packing,,,,,,,,
,Public,542AS03,Turbo Blower,Blower,1,Packing,,,,,,,,
,Public,542AS09,Turbo Blower,Blower,1,Packing,,,,,,,,
,Public,543AS19,Turbo Blower,Blower,1,Packing,,,,,,,,
,Public,315AW67,Trubo Blower,Pump,1,Kiln1,,,,,,,,
,Public,327AW23,WATER SPRAY PUMP,Pump,2,Cooler2,,,,,,,,
,Public,416AW27,Cooling Water Control Valve,Pump,1,CMA,,,,,,,,
,Public,426AW27,Inlet Water Control Valve,Pump,1,CMB,,,,,,,,
,Public,436AW47,WATER INJECTION HEATING,Pump,2,CMC,,,,,,,,
,Public,623AW27,Water injection,Pump,2,Coal2,,,,,,,,
,Public,105BC01,Belt Conveyor For Raw Mix,Belt Conveyor,1,RMA,,,,,,,,
,Public,105BC05,Belt Conveyor For Raw Mix,Belt Conveyor,1,RMA,,,,,,,,
,Public,105BC09,CONVEYOR,Belt Conveyor,2,RMC,,,,,,,,
,Public,10BBC01,Belt Conveyor For Clay,Belt Conveyor,1,RMA,,,,,,,,
,Public,10BBC03,Belt Conveyor For Clay,Belt Conveyor,1,RMA,,,,,,,,
,Public,10BBC11,Belt Conveyor For Clay,Belt Conveyor,1,RMA,,,,,,,,
,Public,10BBC17,Belt Conveyor For Clay,Belt Conveyor,1,RMA,,,,,,,,
,Public,115BC01,Belt Conveyor,Belt Conveyor,1,Crusher,,,,,,,,
,Public,115BC03,Belt Conveyor,Belt Conveyor,1,Crusher,,,,,,,,
,Public,115BC05,Long Belt Conveyor 1 1,Belt Conveyor,1,Crusher,,,,,,,,
,Public,115BC07,Long Belt Conveyor 2 1,Belt Conveyor,1,RMA,,,,,,,,
,Public,115BC19,Belt Conveyor For Limestone,Belt Conveyor,1,RMA,,,,,,,,
,Public,200BC03,CONVEYOR,Belt Conveyor,2,RMC,,,,,,,,
,Public,202BC03,Belt Conveyor For Raw Mix,Belt Conveyor,1,RMA,,,,,,,,
,Public,202BC04,CONVEYOR,Belt Conveyor,2,RMC,,,,,,,,
,Public,202BC06,CONVEYOR,Belt Conveyor,2,RMC,,,,,,,,
,Public,202BC07,Belt Conveyor For Raw Mix,Belt Conveyor,1,RMA,,,,,,,,
,Public,202BC09,Belt Conveyor For Raw Mix,Belt Conveyor,1,RMA,,,,,,,,
,Public,202BC11,CONVEYOR,Belt Conveyor,1,RMA,,,,,,,,
,Public,202BC12,CONVEYOR,Belt Conveyor,2,RMC,,,,,,,,
,Public,202BC19,Belt Conveyor For Pure Limestone,Belt Conveyor,1,RMA,,,,,,,,
,Public,202BC23,Belt Conveyor For Pure Limestone,Belt Conveyor,1,RMA,,,,,,,,
,Public,202BC27,Belt Conveyor For Pure Limestone,Belt Conveyor,1,RMA,,,,,,,,
,Public,203BC05,Belt Conveyor For Additive,Belt Conveyor,1,RMA,,,,,,,,
,Public,203BC09,Belt Conveyor For Additive,Belt Conveyor,1,RMA,,,,,,,,
,Public,216BC17,Belt Conveyor,Belt Conveyor,1,RMA,,,,,,,,
,Public,226BC17,Belt Conveyor,Belt Conveyor,1,RMB,,,,,,,,
,Public,236BC10,#N/A,Belt Conveyor,2,RMC,,,,,,,,
,Public,236BC27,CONVEYOR,Belt Conveyor,2,RMC,,,,,,,,
,Public,315BC69,Belt Conveyor,Belt Conveyor,1,Kiln1,,,,,,,,
,Public,315BC71,Belt Conveyor,Belt Conveyor,1,Kiln1,,,,,,,,
,Public,325BC32,CONVEYOR,Belt Conveyor,2,Kiln2,,,,,,,,
,Public,403BC01,Emergancy Belt Conveyor,Belt Conveyor,1,CMB,,,,,,,,
,Public,403BC09,Belt Conveyor (Gypsum),Belt Conveyor,1,CMB,,,,,,,,
,Public,403BC13,Belt Conveyor (Gypsum),Belt Conveyor,1,CMB,,,,,,,,
,Public,403BC21,Belt Feeder,Belt Conveyor,1,CMB,,,,,,,,
,Public,403BC23,Belt Conveyor (Additive),Belt Conveyor,1,CMB,,,,,,,,
,Public,416BC07,Belt Conveyor,Belt Conveyor,1,CMA,,,,,,,,
,Public,423BC02,CONVEYOR,Belt Conveyor,2,CMC,,,,,,,,
,Public,423BC08,CONVEYOR,Belt Conveyor,2,CMC,,,,,,,,
,Public,426BC07,Belt Conveyor,Belt Conveyor,1,CMB,,,,,,,,
,Public,432BC11,REINFORCED BELT CONVEYOR,Belt Conveyor,2,CMC,,,,,,,,
,Public,432BC12,REINFORCED BELT CONVEYOR,Belt Conveyor,2,CMC,,,,,,,,
,Public,432BC19,REINFORCED BELT CONVEYOR,Belt Conveyor,2,CMC,,,,,,,,
,Public,436BC09,CONVEYOR,Belt Conveyor,2,CMC,,,,,,,,
,Public,513BC09,Belt Conveyor  Speed Switch,Belt Conveyor,1,Packing,,,,,,,,
,Public,516BC07,Belt Conveyor  Speed Switch,Belt Conveyor,1,Packing,,,,,,,,
,Public,516BC09,Belt Conveyor,Belt Conveyor,1,Packing,,,,,,,,
,Public,523BC09,Belt Conveyor  Speed Switch,Belt Conveyor,1,Packing,,,,,,,,
,Public,526BC07,Belt Conveyor  Speed Switch,Belt Conveyor,1,Packing,,,,,,,,
,Public,526BC09,Belt Conveyor,Belt Conveyor,1,Packing,,,,,,,,
,Public,533BC09,Belt Conveyor  Speed Switch,Belt Conveyor,1,Packing,,,,,,,,
,Public,536BC07,Belt Conveyor  Speed Switch,Belt Conveyor,1,Packing,,,,,,,,
,Public,536BC09,Belt Conveyor Speed Switch,Belt Conveyor,1,Packing,,,,,,,,
,Public,536BC11,Belt Conveyor,Belt Conveyor,1,Packing,,,,,,,,
,Public,543BC09,Belt Conveyor Speed Switch Speed Switch,Belt Conveyor,1,Packing,,,,,,,,
,Public,546BC07,Belt Conveyor  Speed Switch,Belt Conveyor,1,Packing,,,,,,,,
,Public,546BC09,Belt Conveyor Rope Switch,Belt Conveyor,1,Packing,,,,,,,,
,Public,546BC11,Belt Conveyor  Rope Switch,Belt Conveyor,1,Packing,,,,,,,,
,Public,556BC01,CONVEYOR,Belt Conveyor,1,Packing,,,,,,,,
,Public,556BC02,CONVEYOR,Belt Conveyor,1,Packing,,,,,,,,
,Public,5A6BC01,CONVEYOR,Belt Conveyor,2,Packing,,,,,,,,
,Public,5A6BC02,CONVEYOR,Belt Conveyor,2,Packing,,,,,,,,
,Public,622BC05,Belt conveyor,Belt Conveyor,2,Coal2,,,,,,,,
,Public,622BC15,Belt Conveyor,Belt Conveyor,2,Coal2,,,,,,,,
,Public,623BC17,Discharge belt drive,Belt Conveyor,2,Coal2,,,,,,,,
,Public,316BD17,Kiln Hood Pressure,Hood,1,Kiln1,,,,,,,,
,Public,316BD19,Kiln Feed  Inlet Pressure,Hood,1,Kiln1,,,,,,,,
,Public,236BE18,ELEVATOR AUXILIARY DRIVE,Bucket Conveyor,2,RMC,,,,,,,,
,Public,312BE41,Bucket Elevator,Bucket Conveyor,1,Homo,,,,,,,,
,Public,312BE72,Bucket Elevator,Bucket Conveyor,1,Homo,,,,,,,,
,Public,314BE49,Inlet To Mill Damper,Bucket Conveyor,1,EP Filter,,,,,,,,
,Public,314BE95,EH Damper Hydraulic Oil Pump,Bucket Conveyor,1,EP Filter,,,,,,,,
,Public,315BE45,Bucket Elevator Main Drive,Bucket Conveyor,1,Kiln1,,,,,,,,
,Public,322BE01,ELEVATOR AUXILIARY DRIVE,Bucket Conveyor,2,Kiln2,,,,,,,,
,Public,322BE09,ELEVATOR AUXILIARY DRIVE,Bucket Conveyor,2,Kiln2,,,,,,,,
,Public,325BE22,ELEVATOR AUXILIARY DRIVE,Bucket Conveyor,2,Kiln2,,,,,,,,
,Public,418BE03,Bucket Elevator,Bucket Conveyor,1,CMA,,,,,,,,
,Public,428BE03,Bucket Elevator Main,Bucket Conveyor,1,CMB,,,,,,,,
,Public,436BE16,ELEVATOR AUXILIARY DRIVE,Bucket Conveyor,2,CMC,,,,,,,,
,Public,438BE08,ELEVATOR AUXILIARY DRIVE,Bucket Conveyor,2,CMC,,,,,,,,
,Public,513BE17,Bucket Elevator,Bucket Conveyor,1,Packing,,,,,,,,
,Public,523BE17,Bucket Elevator,Bucket Conveyor,1,Packing,,,,,,,,
,Public,533BE17,Bucket Elevator,Bucket Conveyor,1,Packing,,,,,,,,
,Public,543BE17,Bucket Elevator,Bucket Conveyor,1,Packing,,,,,,,,
,Public,552BE05,ELEVATOR AUXILIARY DRIVE,Bucket Conveyor,1,Packing,,,,,,,,
,Public,5A2BE05,ELEVATOR AUXILIARY DRIVE,Bucket Conveyor,2,Packing,,,,,,,,
,Public,316BP35,Burner Carriage,Burner,1,Cooler1,,,,,,,,
,Public,316BP39,Nat Gas Inlet Pressure,Burner,1,Cooler1,,,,,,,,
,Public,317BP39,DDF Burner Net Gas Valve Limit Switch Close,Burner,1,Cooler1,,,,,,,,
,Public,326BP24,KILN BURNER CARRIAGE,Burner,2,Cooler2,,,,,,,,
,Public,326BP27,NEW PRIMARY AIR FAN,Burner,2,Kiln2,,,,,,,,
,Public,516BS03,Check Weigher,Check Weigher,1,Packing,,,,,,,,
,Public,526BS03,Check Weigher,Check Weigher,1,Packing,,,,,,,,
,Public,536BS03,Check Weigher,Check Weigher,1,Packing,,,,,,,,
,Public,313CA49,DDF Oil Flow Control Valve,Valve,1,Kiln1,,,,,,,,
,Public,313CA51,DDF Oil Flow Control Valve,Valve,1,Kiln1,,,,,,,,
,Public,319CB05,Pan Conveyor  # 1,Pan Conveyor,1,Cooler1,,,,,,,,
,Public,319CB07,Pan Conveyor  # 2,Pan Conveyor,1,Cooler1,,,,,,,,
,Public,319CB15,Pan Conveyor,Pan Conveyor,1,Cooler1,,,,,,,,
,Public,402CB73,Pan Conveyor,Pan Conveyor,1,CMA,,,,,,,,
,Public,402CB75,Pan Conveyor,Pan Conveyor,1,CMA,,,,,,,,
,Public,327CC01,Clinker Cooler,Clinker Cooler,2,Kiln2,,,,,,,,
,Public,416CH37,EP 1st Chamber Voltage,EP Filter,1,CMB,,,,,,,,
,Public,416CH39,EP 2nd Chamber Voltage,EP Filter,1,CMB,,,,,,,,
,Public,114CM09,Air Compressor For Bag Filter,Compressor,1,Crusher,,,,,,,,
,Public,418CM13,Air Compressor,Compressor,1,CMB,,,,,,,,
,Public,418CM17,Air Compressor,Compressor,1,CMB,,,,,,,,
,Public,428CM13,Air Compressor,Compressor,1,CMB,,,,,,,,
,Public,428CM17,Air Compressor,Compressor,1,CMB,,,,,,,,
,Public,620CM01,Compressor,Compressor,2,Coal2,,,,,,,,
,Public,620CM03,Compressor,Compressor,2,Coal2,,,,,,,,
,Public,920CM01,Air Compressor,Compressor,2,Utilities2,,,,,,,,
,Public,920CM02,Air Compressor,Compressor,2,Utilities2,,,,,,,,
,Public,920CM03,Air Compressor,Compressor,2,Utilities2,,,,,,,,
,Public,920CM04,Air Compressor,Compressor,2,Utilities2,,,,,,,,
,Public,920CM05,Air Compressor,Compressor,2,Utilities2,,,,,,,,
,Public,920CM06,Air Compressor,Compressor,2,Utilities2,,,,,,,,
,Public,114CN11,Over-Head Crane,Crane,1,Crusher,,,,,,,,
,Public,114CN15,Hammer Exchanging Hoist,Crane,1,Crusher,,,,,,,,
,Public,236CN23,Over-Head Crane,Crane,2,RMC,,,,,,,,
,Public,401CN05,Over-Head Crane,Crane,1,CMA,,,,,,,,
,Public,501CN03,Over-Head Crane,Crane,1,Packing,,,,,,,,
,Public,501CN17,Over-Head Crane,Crane,1,Packing,,,,,,,,
,Public,501CN31,Over-Head Crane,Crane,1,Packing,,,,,,,,
,Public,501CN45,Over-Head Crane,Crane,1,Packing,,,,,,,,
,Public,501CN69,Over-Head Crane,Crane,1,Packing,,,,,,,,
,Public,623CN29,Over-Head Crane,Crane,2,Coal2,,,,,,,,
,Public,230CP05,Capacitor Bank Panel,Electrical Panel,2,RMC,,,,,,,,
,Public,320CP05,Capacitor Bank Panel,Electrical Panel,2,Kiln2,,,,,,,,
,Public,321CP05,Capacitor Bank Panel,Electrical Panel,2,Kiln2,,,,,,,,
,Public,430CP05,Capacitor Bank Panel,Electrical Panel,2,CMC,,,,,,,,
,Public,620CP05,Capacitor Bank Panel,Electrical Panel,2,Coal2,,,,,,,,
,Public,900CP05,Capacitor Bank Panel,Electrical Panel,2,Utilities2,,,,,,,,
,Public,114CR05,Lime Stone Crusher,Crusher,1,Crusher,,,,,,,,
,Public,317CR71,Clinker Breaker,Crusher,1,Cooler1,,,,,,,,
,Public,327CR04,ROLL CRUSHER,Crusher,2,Cooler2,, ROLLER 1,,'',,,,
,Public,403CR07,Gypsum Crusher,Crusher,1,CMB,,,,,,,,
,Public,314CU51,Chain Conveyor Gate,Gate,1,EP Filter,,,,,,,,
,Public,314CU97,Bucket Elevator  Gate,Gate,1,EP Filter,,,,,,,,
,Public,319CU11,Diverting Damper,Gate,1,Cooler1,,,,,,,,
,Public,319CU13,Diverting Damper,Gate,1,Cooler1,,,,,,,,
,Public,418CU21,Inlet To Cement Silo 2 Way Chute,Gate,1,CMA,,,,,,,,
,Public,418CU23,Chute To Cement Silo A,Gate,1,CMA,,,,,,,,
,Public,418CU25,Chute To Cement Silo C,Gate,1,CMA,,,,,,,,
,Public,428CU21,Inlet To Cement Silo 2 Way Chute,Gate,1,CMB,,,,,,,,
,Public,428CU23,Chute To Cement Silo A,Gate,1,CMB,,,,,,,,
,Public,428CU25,Chute To Cement Silo C,Gate,1,CMB,,,,,,,,
,Public,313CY39,Cyclone outlet gas 4A,Cyclone Separator,1,Kiln1,,,,,,,,
,Public,313CY43,Cyclone Stage 4 Branch B Cyclone,Cyclone Separator,1,Kiln1,,,,,,,,
,Public,216DA55,Hag Outlet Shutter,Damper,1,Homo,,,,,,,,
,Public,226DA55,Secondary Air Fan,Damper,1,Homo,,,,,,,,
,Public,312DA63,Diverting Damper,Damper,1,Kiln1,,,,,,,,
,Public,312DA66,Diverting Damper,Damper,1,Kiln1,,,,,,,,
,Public,313DA35,Distribution Damper,Damper,1,Kiln1,,,,,,,,
,Public,313DA37,Distribution Damper,Damper,1,Kiln1,,,,,,,,
,Public,313DA55,Preheater Tertirary Air Damper,Damper,1,Kiln1,,,,,,,,
,Public,313DA59,Preheater Tertirary Air Damper,Damper,1,Kiln1,,,,,,,,
,Public,313DA73,SP Exhaust Gas Damper,Damper,1,Kiln1,,,,,,,,
,Public,313DA75,SP Exhaust Gas Damper,Damper,1,Kiln1,,,,,,,,
,Public,313DA81,Kiln Exhaust Gas Damper,Damper,1,Kiln1,,,,,,,,
,Public,313DA83,Kiln Exhaust Gas Damper,Damper,1,Kiln1,,,,,,,,
,Public,314DA03,Secondary Air Fan,Damper,1,EP Filter,,,,,,,,
,Public,314DA55,Evaporative Cooler Inlet Damper,Damper,1,EP Filter,,,,,,,,
,Public,315DA03,Bucket Elevator Inching,Damper,1,Kiln1,,,,,,,,
,Public,315DA35,Distribution Damper,Damper,1,Kiln1,,,,,,,,
,Public,326DA31,KILN TERTIARY AIR DUCT DAMPER 1,Damper,2,Cooler2,,,,,,,,
,Public,326DA32,BURNER TERTIARY AIR DAMPER,Damper,2,Cooler2,,,,,,,,
,Public,328DA13,Damper,Damper,2,Kiln2,,,,,,,,
,Public,334DA13,Damper,Damper,2,Kiln2,,,,,,,,
,Public,334DA14,Damper,Damper,2,RMC,,,,,,,,
,Public,334DA17,Damper,Damper,2,Kiln2,,,,,,,,
,Public,436DA32,Damper,Damper,2,CMC,,,,,,,,
,Public,436DA33,Damper,Damper,2,CMC,,,,,,,,
,Public,623DA61,Motorized (AUMA) slide gate,Damper,2,Coal2,,,,,,,,
,Public,623DA75,Booster Fan damper,Damper,2,Coal2,,,,,,,,
,Public,623DA79,Inlet safety damper actuator,Damper,2,Coal2,,,,,,,,
,Public,623DA85,Damper in recirculation line,Damper,2,Coal2,,,,,,,,
,Public,623DA86,Damper ahead of mill fan,Damper,2,Coal2,,,,,,,,
,Public,623DA87,Safety damper,Damper,2,Coal2,,,,,,,,
,Public,623DA89,Exhaust gas damper,Damper,2,Coal2,,,,,,,,
,Public,216DB23,Mill Bypass Damper,Damper,1,RMA,,,,,,,,
,Public,216DB59,Mill Circulation Damper,Damper,1,RMA,,,,,,,,
,Public,216DB61,Exhaust Fan Outlet Damper,Damper,1,RMA,,,,,,,,
,Public,216DB63,Mill Department Outlet Damper,Damper,1,RMA,,,,,,,,
,Public,226DB23,Mill Bypass Damper,Damper,1,RMB,,,,,,,,
,Public,226DB59,Mill Cerculation Damper,Damper,1,RMB,,,,,,,,
,Public,226DB61,Exhaust Fan Outlet Damper,Damper,1,RMB,,,,,,,,
,Public,226DB63,Mill Departement Outlet Damper,Damper,1,RMB,,,,,,,,
,Public,334DB37,Damper,Damper,2,RMC,,,,,,,,
,Public,334DB38,Damper,Damper,2,Kiln2,,,,,,,,
,Public,105DC03,Bag Filter Exhaust Fan,Bag Filter,1,RMA,,,,,,,,
,Public,106DC27,Bag Filter Exhaust Fan,Bag Filter,1,RMA,,,,,,,,
,Public,114DC07,Exhaust Fan Damper,Bag Filter,1,Crusher,,,,,,,,
,Public,115DC09,Exhaust Fan,Bag Filter,1,Crusher,,,,,,,,
,Public,115DC21,Exhaust Fan,Bag Filter,1,RMA,,,,,,,,
,Public,202DC13,Bag Filter Exhaust Fan,Bag Filter,1,RMA,,,,,,,,
,Public,202DC15,Bag Filter Exhaust Fan,Bag Filter,1,RMA,,,,,,,,
,Public,202DC25,Bag Filter Exhaust Fan,Bag Filter,1,RMA,,,,,,,,
,Public,202DC29,Bag Filter Exhaust Fan,Bag Filter,1,RMA,,,,,,,,
,Public,203DC07,Bag Filter Exhaust Fan,Bag Filter,1,RMA,,,,,,,,
,Public,203DC11,Exhaust Fan,Bag Filter,1,RMA,,,,,,,,
,Public,203DC13,Exhaust Fan,Bag Filter,1,RMA,,,,,,,,
,Public,208DC15,Turbo Blower,Bag Filter,1,Homo,,,,,,,,
,Public,208DC21,Exhaust Fan,Bag Filter,1,Homo,,,,,,,,
,Public,216DC19,Dust Collector Exhaust Fan,Bag Filter,1,RMA,,,,,,,,
,Public,218DC11,Screw Conveyor,Bag Filter,1,Homo,,,,,,,,
,Public,226DC19,Dust Collector Exhaust Fan,Bag Filter,1,RMB,,,,,,,,
,Public,228DC11,Dust Extracting Screw Conveyor Reversive,Bag Filter,1,Homo,,,,,,,,
,Public,312DC44,Exhaust Fan Inlet Damper,Bag Filter,1,Homo,,,,,,,,
,Public,312DC56,Exhaust Fan,Bag Filter,1,Kiln1,,,,,,,,
,Public,312DC64,Exhaust Fan,Bag Filter,1,Kiln1,,,,,,,,
,Public,315DC57,Exhaust Fan,Bag Filter,1,Kiln1,,,,,,,,
,Public,318DC01,Cooler Waste Gas Temp,Bag Filter,1,Cooler1,,,,,,,,
,Public,319DC09,Exhaust Fan,Bag Filter,1,Cooler1,,,,,,,,
,Public,319DC19,Exhaust Fan,Bag Filter,1,Cooler1,,,,,,,,
,Public,319DC21,Exhaust Fan,Bag Filter,1,Cooler1,,,,,,,,
,Public,319DC25,Dust Collector Exhaust Fan,Bag Filter,1,Cooler1,,,,,,,,
,Public,402DC77,Bag Filter Exhaust Fan,Bag Filter,1,CMA,,,,,,,,
,Public,403DC11,Bag Filter Exhaust Fan,Bag Filter,1,CMB,,,,,,,,
,Public,403DC15,Bag Filter Exhaust Fan,Bag Filter,1,CMB,,,,,,,,
,Public,403DC17,Bag Filter Exhaust Fan,Bag Filter,1,CMB,,,,,,,,
,Public,403DC25,Bag Filter Exhaust Fan,Bag Filter,1,CMB,,,,,,,,
,Public,403DC27,Bag Filter Exhaust Fan,Bag Filter,1,CMB,,,,,,,,
,Public,416DC09,Bag Filter Exhaust Fan,Bag Filter,1,CMA,,,,,,,,
,Public,418DC27,Exhaust Fan,Bag Filter,1,CMA,,,,,,,,
,Public,418DC29,Exhaust Fan,Bag Filter,1,CMA,,,,,,,,
,Public,426DC09,Bag Filter Exhaust Fan,Bag Filter,1,CMB,,,,,,,,
,Public,428DC27,Exhaust Fan,Bag Filter,1,CMB,,,,,,,,
,Public,428DC29,Exhaust Fan,Bag Filter,1,CMB,,,,,,,,
,Public,502DC21,Bag Filter Exhaust Fan (Silo A),Bag Filter,1,Packing,,,,,,,,
,Public,502DC43,Bag Filter Exhaust Fan (Silo B),Bag Filter,1,Packing,,,,,,,,
,Public,502DC65,Bag Filter Exhaust Fan (Silo C),Bag Filter,1,Packing,,,,,,,,
,Public,502DC87,Bag Filter Exhaust Fan (Silo D),Bag Filter,1,Packing,,,,,,,,
,Public,513DC21,Bag Filter Screw Conveyor,Bag Filter,1,Packing,,,,,,,,
,Public,523DC21,Bag Filter Screw Conveyor,Bag Filter,1,Packing,,,,,,,,
,Public,533DC21,Exhaust Fan ,Bag Filter,1,Packing,,,,,,,,
,Public,543DC21,Exhaust Fan ,Bag Filter,1,Packing,,,,,,,,
,Public,623DC31,Trace Heating System for Filter Hoppers,Bag Filter,2,Coal2,,,,,,,,
,Public,314DG47,Chain Conveyor,Chain Conveyor,1,EP Filter,,,,,,,,
,Public,314DG93,Chain Conveyor,Chain Conveyor,1,EP Filter,,,,,,,,
,Public,314DG99,Chain Conveyor,Chain Conveyor,1,EP Filter,,,,,,,,
,Public,318DG25,Chain Conveyor,Chain Conveyor,1,Cooler1,,,,,,,,
,Public,319DG01,Drag Chain Conveyor,Chain Conveyor,1,Cooler1,,,,,,,,
,Public,319DG03,Drag Chain Conveyor,Chain Conveyor,1,Cooler1,,,,,,,,
,Public,328DG02,CHAIN CONVEYOR UNDER ELECTROFILTER,Chain Conveyor,2,Cooler2,,,,,,,,
,Public,328DG03,CHAIN CONVEYOR UNDER ELECTROFILTER,Chain Conveyor,2,Cooler2,,,,,,,,
,Public,328DG06,CHAIN CONVEYOR UNDER ELECTROFILTER,Chain Conveyor,2,Cooler2,,,,,,,,
,Public,329DG08,SPILLAGE CONVEYOR,Chain Conveyor,2,Cooler2,,,,,,,,
,Public,216DR27,Raw Mill A Main,Mill,1,RMA,,,,,,,,
,Public,226DR27,Raw Mill B,Mill,1,RMB,,,,,,,,
,Public,316DR27,Kiln Main Drive,Kiln,1,Kiln1,,,,,,,,
,Public,316DR29,Kiln Main Drive,Kiln,1,Kiln1,,,,,,,,
,Public,317DR13,Cooler Grate #1,Cooler,1,Cooler1,,,,,,,,
,Public,317DR15,Cooler Grate #2,Cooler,1,Cooler1,,,,,,,,
,Public,317DR17,Cooler Grate #3,Cooler,1,Cooler1,,,,,,,,
,Public,326DR03,Kiln,Kiln,2,Kiln2,,,,,,,,
,Public,416DR13,Cement Mill A,Mill,1,CMB,,,,,,,,
,Public,426DR13,Cement Mill B,Mill,1,CMB,,,,,,,,
,Public,623DR10,Coal Mill,Mill,2,Coal2,,,,,,,,
,Public,623DR20,Gearbox,Mill,2,Coal2,,,,,,,,
,Public,313DT53,Tertiary Air Pressure,Duct,1,Kiln1,,,,,,,,
,Public,313EL01,Personal Elevator,Personal Elevator,1,Kiln1,,,,,,,,
,Public,314EP21,E.P Filter,EP Filter,1,EP Filter,,,,,,,,
,Public,314EP67,E.P Filter,EP Filter,1,EP Filter,,,,,,,,
,Public,328ES01,#N/A,EP Filter,2,Kiln2,,,,,,,,
,Public,623EX57,CO2 Inerting System,CO2 Inerting System,2,Coal2,,,,,,,,
,Public,105FA05,FAN FILTER 105DC04,Fan,2,RMC,,,,,,,,
,Public,164FA01,Clay Crusher Bag Filter Fan,Fan,1,RMA,,,,,,,,
,Public,200FA08,FAN FILTER 200DC06,Fan,2,RMC,,,,,,,,
,Public,200FA10,FAN FILTER 200DC05,Fan,2,RMC,,,,,,,,
,Public,200FA12,FAN FILTER 200DC02,Fan,2,RMC,,,,,,,,
,Public,202FA15,FAN FILTER 202DC03,Fan,2,RMC,,,,,,,,
,Public,202FA17,FAN FILTER 202DC05,Fan,2,RMC,,,,,,,,
,Public,202FA19,FAN FILTER 202DC08,Fan,2,RMC,,,,,,,,
,Public,202FA21,FAN FILTER 202DC10,Fan,2,RMC,,,,,,,,
,Public,202FA24,FAN FILTER 202DC23,Fan,2,RMC,,,,,,,,
,Public,216FA57,Exhaust Fan,Fan,1,RMA,,,,,,,,
,Public,226FA57,Exhaust Fan,Fan,1,RMB,,,,,,,,
,Public,236FA20,FAN FILTER 236DC19,Fan,2,RMC,,,,,,,,
,Public,236FA30,FAN FILTER 236DC26,Fan,2,RMC,,,,,,,,
,Public,236FA50,SEAL AIR FAN,Fan,2,RMC,,,,,,,,
,Public,313FA47,Cooling Fan,Fan,1,Kiln1,,,,,,,,
,Public,313FA57,Primary Air Fan,Fan,1,Kiln1,,,,,,,,
,Public,313FA77,Cooling Fan,Fan,1,Kiln1,,,,,,,,
,Public,313FA79,ID Fan,Fan,1,Kiln1,,,,,,,,
,Public,314FA43,Fan,Fan,1,EP Filter,,,,,,,,
,Public,314FA89,Fan,Fan,1,EP Filter,,,,,,,,
,Public,316FA45,Fan,Fan,1,Kiln1,,,,,,,,
,Public,316FA47,Kiln Shell Cooling Fan A,Fan,1,Kiln1,,,,,,,,
,Public,316FA49,Kiln Shell Cooling Fan B,Fan,1,Kiln1,,,,,,,,
,Public,316FA51,Kiln Shell Cooling Fan C,Fan,1,Kiln1,,,,,,,,
,Public,316FA55,Cooling Fan,Fan,1,Kiln1,,,,,,,,
,Public,317FA51,Cooling Fan # 1A,Fan,1,Cooler1,,,,,,,,
,Public,317FA53,Cooling Fan # 1B,Fan,1,Cooler1,,,,,,,,
,Public,317FA55,Cooling Fan # 2,Fan,1,Cooler1,,,,,,,,
,Public,317FA57,Cooling Fan # 3,Fan,1,Cooler1,,,,,,,,
,Public,317FA59,Cooling Fan # 4,Fan,1,Cooler1,,,,,,,,
,Public,317FA61,Cooling Fan # 5,Fan,1,Cooler1,,,,,,,,
,Public,317FA63,Cooling Fan # 6,Fan,1,Cooler1,,,,,,,,
,Public,317FA65,Cooling Fan # 7,Fan,1,Cooler1,,,,,,,,
,Public,317FA67,Cooling Fan # 8,Fan,1,Cooler1,,,,,,,,
,Public,317FA69,Cooling Fan # 9,Fan,1,Cooler1,,,,,,,,
,Public,318FA15,Gravel Bed Fan,Fan,1,Cooler1,,,,,,,,
,Public,318FA17,Gravel Bed Fan,Fan,1,Cooler1,,,,,,,,
,Public,318FA21,Waste Fan,Fan,1,Cooler1,,,,,,,,
,Public,322FA15,FAN FOR AIR SLIDE 322AS16,Fan,2,Kiln2,,,,,,,,
,Public,322FA20,FAN FILTER 322DC03,Fan,2,Kiln2,,,,,,,,
,Public,322FA22,FAN FILTER 322DC06,Fan,2,Kiln2,,,,,,,,
,Public,322FA24,FAN FILTER 322DC10,Fan,2,Kiln2,,,,,,,,
,Public,322FA26,FAN FOR AIR SLIDE 322AS02,Fan,2,Kiln2,,,,,,,,
,Public,322FA27,FAN FOR AIR SLIDE 322AS11,Fan,2,Kiln2,,,,,,,,
,Public,322FA28,FAN FOR AIR SLIDE 322AS07,Fan,2,Kiln2,,,,,,,,
,Public,322FA29,FAN FOR AIR SLIDE 322AS11,Fan,2,Kiln2,,,,,,,,
,Public,322FA36,FAN FILTER 322DC35,Fan,2,Kiln2,,,,,,,,
,Public,323FA17,FRESH AIR FAN,Fan,2,Kiln2,,,,,,,,
,Public,323FA22,PRECALCINER COOLING FAN,Fan,2,Kiln2,,,,,,,,
,Public,323FA23,PRECALCINER COOLING FAN,Fan,2,Kiln2,,,,,,,,
,Public,323FA24,PRECALCINER PRIMARY AIR FAN,Fan,2,Kiln2,,,,,,,,
,Public,323FA25,PRECALCINER BURNER EMERGENCY COOLING AIR,Fan,2,Kiln2,,,,,,,,
,Public,325FA02,Fan,Fan,2,Kiln2,,,,,,,,
,Public,325FA09,BY PASS FAN,Fan,2,Kiln2,,,,,,,,
,Public,325FA37,FAN FILTER 325DC24,Fan,2,Kiln2,,,,,,,,
,Public,325FA51,Fan,Fan,2,Kiln2,,,,,,,,
,Public,326FA05,KILN COOLING SHELL FAN,Fan,2,Cooler2,,,,,,,,
,Public,326FA06,KILN COOLING SHELL FAN,Fan,2,Cooler2,,,,,,,,
,Public,326FA07,KILN COOLING SHELL FAN,Fan,2,Cooler2,,,,,,,,
,Public,326FA08,KILN COOLING SHELL FAN,Fan,2,Cooler2,,,,,,,,
,Public,326FA09,KILN COOLING SHELL FAN,Fan,2,Cooler2,,,,,,,,
,Public,326FA10,KILN COOLING SHELL FAN,Fan,2,Cooler2,,,,,,,,
,Public,326FA11,KILN COOLING SHELL FAN,Fan,2,Cooler2,,,,,,,,
,Public,326FA12,KILN COOLING SHELL FAN,Fan,2,Cooler2,,,,,,,,
,Public,326FA13,KILN COOLING SHELL FAN,Fan,2,Cooler2,,,,,,,,
,Public,326FA14,KILN COOLING SHELL FAN,Fan,2,Cooler2,,,,,,,,
,Public,326FA15,KILN COOLING SHELL FAN,Fan,2,Cooler2,,,,,,,,
,Public,326FA16,KILN COOLING SHELL FAN,Fan,2,Cooler2,,,,,,,,
,Public,326FA17,KILN COOLING SHELL FAN,Fan,2,Cooler2,,,,,,,,
,Public,326FA18,KILN COOLING SHELL FAN,Fan,2,Cooler2,,,,,,,,
,Public,326FA19,KILN COOLING SHELL FAN,Fan,2,Cooler2,,,,,,,,
,Public,326FA20,NOSE RING FAN 1,Fan,2,Cooler2,,,,,,,,
,Public,326FA21,NOSE RING FAN 2,Fan,2,Cooler2,,,,,,,,
,Public,326FA30,AUXILIARY BURNER FAN,Fan,2,Cooler2,,,,,,,,
,Public,326FA33,KILN PRIMARY AIR BLOWER,Fan,2,Cooler2,,,,,,,,
,Public,326FA34,COOLING FAN,Fan,2,Cooler2,,,,,,,,
,Public,327FA05,Cooler Fan No.1,Fan,2,Cooler2,,,,,,,,
,Public,327FA06,Cooler Fan No.2,Fan,2,Cooler2,,,,,,,,
,Public,327FA07,Cooler Fan No.3,Fan,2,Cooler2,,,,,,,,
,Public,327FA08,Cooler Fan No.4,Fan,2,Cooler2,,,,,,,,
,Public,327FA09,Cooler Fan No.5,Fan,2,Cooler2,,,,,,,,
,Public,327FA10,Cooler Fan No.6,Fan,2,Cooler2,,,,,,,,
,Public,327FA11,Cooler Fan No.7,Fan,2,Cooler2,,,,,,,,
,Public,327FA12,Cooler Fan No.8,Fan,2,Cooler2,,,,,,,,
,Public,327FA13,Cooler Fan No.9,Fan,2,Cooler2,,,,,,,,
,Public,327FA16,HYDRAULIC ROOM COOLING FAN,Fan,2,Cooler2,,,,,,,,
,Public,328FA07,EXHAUST FAN,Fan,2,Cooler2,,,,,,,,
,Public,329FA09,FAN FILTER 329DC07,Fan,2,Cooler2,,,,,,,,
,Public,329FA11,FAN FILTER 329DC03,Fan,2,Cooler2,,,,,,,,
,Public,331FA04,MULTIFLOW FEED SYSTEM FAN,Fan,2,RMC,,,,,,,,
,Public,331FA06,FAN FILTER 331DC05,Fan,2,Kiln2,,,,,,,,
,Public,331FA25,FAN FOR AIR SLIDE 331AS13,Fan,2,Kiln2,, 331AS10, 331AS07, 331AS19, 331AS06','','',''
,Public,331FA26,AXIAL FAN,Fan,2,Kiln2,,,,,,,,
,Public,331FA28,FAN FOR AIR SLIDE 331AS27,Fan,2,Kiln2,,,,,,,,
,Public,331FA30,FAN FILTER 331DC29,Fan,2,Kiln2,,,,,,,,
,Public,334FA01,ID FAN,Fan,2,Kiln2,,,,,,,,
,Public,334FA24,MILL FAN #C,Fan,2,RMC,,,,,,,,
,Public,334FA30,FINAL FAN,Fan,2,Kiln2,,,,,,,,
,Public,334FA35,FAN FOR AIR SLIDE 334AS21 & 334AS22,Fan,2,RMC,,,,,,,,
,Public,334FA39,FAN FILTER 334DC33,Fan,2,Kiln2,,,,,,,,
,Public,334FA40,FAN FOR AIR SLIDE 334AS32,Fan,2,Kiln2,,,,,,,,
,Public,416FA45,Exhaust Fan,Fan,1,CMA,,,,,,,,
,Public,423FA05,FAN FILTER 423DC11,Fan,2,CMC,,,,,,,,
,Public,423FA12,FAN FILTER 423DC04,Fan,2,CMC,,,,,,,,
,Public,423FA14,FAN FILTER 423DC03,Fan,2,CMC,,,,,,,,
,Public,423FA16,FAN FILTER 423DC07,Fan,2,CMC,,,,,,,,
,Public,423FA18,FAN FILTER 423DC10,Fan,2,CMC,,,,,,,,
,Public,426FA45,Exhaust Fan,Fan,1,CMB,,,,,,,,
,Public,431FA04,FAN FILTER 431DC03,Fan,2,Cooler2,,,,,,,,
,Public,432FA25,FAN FILTER 432DC23,Fan,2,CMC,,,,,,,,
,Public,432FA27,FAN FILTER 432DC43,Fan,2,CMC,,,,,,,,
,Public,432FA29,FAN FILTER 432DC13,Fan,2,CMC,,,,,,,,
,Public,432FA41,FAN FILTER 432DC24,Fan,2,CMC,,,,,,,,
,Public,436FA12,EXHAUST FAN,Fan,2,CMC,,,,,,,,
,Public,436FA20,EXHAUST FAN,Fan,2,CMC,,,,,,,,
,Public,436FA44,AIR SLIDE FAN,Fan,2,CMC,,,,,,,,
,Public,436FA58,AIR SLIDE FAN,Fan,2,CMC,,,,,,,,
,Public,436FA59,AIR SLIDE FAN,Fan,2,CMC,,,,,,,,
,Public,436FA60,AIR SLIDE FAN,Fan,2,CMC,,,,,,,,
,Public,436FA69,AIR SLIDE FAN,Fan,2,CMC,,,,,,,,
,Public,436FA70,AIR SLIDE FAN,Fan,2,CMC,,,,,,,,
,Public,436FA71,AIR SLIDE FAN,Fan,2,CMC,,,,,,,,
,Public,436FA76,FAN FOR FILTER 436DC45,Fan,2,CMC,,,,,,,,
,Public,436FA77,AIR SLIDE FAN,Fan,2,CMC,,,,,,,,
,Public,436FA78,AIR SLIDE FAN,Fan,2,CMC,,,,,,,,
,Public,436FA82,AIR SLIDE FAN,Fan,2,CMC,,,,,,,,
,Public,438FA02,AIR SLIDE FAN,Fan,2,CMC,,,,,,,,
,Public,438FA03,AIR SLIDE FAN,Fan,2,CMC,,,,,,,,
,Public,438FA05,FAN FOR FILTER 438DC04,Fan,2,CMC,,,,,,,,
,Public,438FA07,FAN FOR FILTER 438DC06,Fan,2,CMC,,,,,,,,
,Public,438FA10,AIR SLIDE FAN,Fan,2,CMC,,,,,,,,
,Public,438FA13,AIR SLIDE FAN,Fan,2,CMC,,,,,,,,
,Public,438FA15,AIR SLIDE FAN,Fan,2,CMC,,,,,,,,
,Public,438FA17,AIR SLIDE FAN,Fan,2,CMC,,,,,,,,
,Public,438FA19,FAN FOR FILTER 438DC18,Fan,2,CMC,,,,,,,,
,Public,438FA22,FAN FOR FILTER 438DC21,Fan,2,CMC,,,,,,,,
,Public,438FA24,FAN FOR FILTER 438DC23,Fan,2,CMC,,,,,,,,
,Public,438FA26,FAN FOR FILTER 438DC25,Fan,2,CMC,,,,,,,,
,Public,438FA28,AIR SLIDE FAN,Fan,2,CMC,,,,,,,,
,Public,438FA29,AIR SLIDE FAN,Fan,2,CMC,,,,,,,,
,Public,438FA30,AIR SLIDE FAN,Fan,2,CMC,,,,,,,,
,Public,438FA31,AIR SLIDE FAN,Fan,2,CMC,,,,,,,,
,Public,501FA65,Motor Fan For Blower Room,Fan,1,Packing,,,,,,,,
,Public,501FA67,Motor Fan For Blower Room,Fan,1,Packing,,,,,,,,
,Public,502FA15,Turbo Blower (Silo A),Fan,1,Packing,,,,,,,,
,Public,502FA37,Turbo Blower (Silo B),Fan,1,Packing,,,,,,,,
,Public,502FA59,Turbo Blower (Silo C),Fan,1,Packing,,,,,,,,
,Public,502FA81,Turbo Blower (Silo D),Fan,1,Packing,,,,,,,,
,Public,552FA07,AIR SLIDE FAN,Fan,1,Packing,,,,,,,,
,Public,552FA11,AIR SLIDE FAN,Fan,1,Packing,,,,,,,,
,Public,553FA10,FAN FILTER,Fan,1,Packing,,,,,,,,
,Public,5A2FA11,AIR SLIDE FAN,Fan,2,Packing,,,,,,,,
,Public,5A2FA71,AIR SLIDE FAN,Fan,2,Packing,,,,,,,,
,Public,5A3FA10,FAN FILTER,Fan,2,Packing,,,,,,,,
,Public,622FA18,Bag Filter Fan,Fan,2,Coal2,,,,,,,,
,Public,622FA26,Bag Filter Fan,Fan,2,Coal2,,,,,,,,
,Public,623FA25,Seal air fan,Fan,2,Coal2,,,,,,,,
,Public,623FA77,Booster Fan Feeder,Fan,2,Coal2,,,,,,,,
,Public,624FA37,Fan,Fan,2,Coal2,,,,,,,,
,Public,314FA69,Fan,Fan,1,EP Filter,,,,,,,,
,Public,912FA16,Fan,Fan,2,Utilities2,,,,,,,,
,Public,912FA17,Fan,Fan,2,Utilities2,,,,,,,,
,Public,912FA18,Fan,Fan,2,Utilities2,,,,,,,,
,Public,912FA19,Fan,Fan,2,Utilities2,,,,,,,,
,Public,912FA20,Fan,Fan,2,Utilities2,,,,,,,,
,Public,920FA12,Fan,Fan,2,Utilities2,,,,,,,,
,Public,920FA13,Fan,Fan,2,Utilities2,,,,,,,,
,Public,10BFE21,Belt Conveyor For Clay,Belt Conveyor,1,RMA,,,,,,,,
,Public,203FE03,Additive Belt Feeder Rope Switch,Belt Conveyor,1,RMA,,,,,,,,
,Public,312FG01,Flow Control Gate,Gate,1,Homo,,,,,,,,
,Public,312FG02,Flow Control Gate,Gate,1,Homo,,,,,,,,
,Public,312FG03,Flow Control Gate,Gate,1,Homo,,,,,,,,
,Public,312FG04,Flow Control Gate,Gate,1,Homo,,,,,,,,
,Public,312FG05,Flow Control Gate,Gate,1,Homo,,,,,,,,
,Public,312FG06,Flow Control Gate,Gate,1,Homo,,,,,,,,
,Public,312FG07,Flow Control Gate,Gate,1,Homo,,,,,,,,
,Public,312FG08,Flow Control Gate,Gate,1,Homo,,,,,,,,
,Public,312FG09,Flow Control Gate,Gate,1,Homo,,,,,,,,
,Public,312FG10,Flow Control Gate,Gate,1,Homo,,,,,,,,
,Public,312FG18,Flow Control Gate,Gate,1,Homo,,,,,,,,
,Public,312FG19,Flow Control Gate,Gate,1,Homo,,,,,,,,
,Public,312FG20,Flow Control Gate,Gate,1,Homo,,,,,,,,
,Public,312FG21,Flow Control Gate,Gate,1,Homo,,,,,,,,
,Public,312FG22,Flow Control Gate,Gate,1,Homo,,,,,,,,
,Public,312FG23,Flow Control Gate,Gate,1,Homo,,,,,,,,
,Public,312FG24,Flow Control Gate,Gate,1,Homo,,,,,,,,
,Public,312FG25,Flow Control Gate,Gate,1,Homo,,,,,,,,
,Public,312FG26,Flow Control Gate,Gate,1,Homo,,,,,,,,
,Public,312FG27,Flow Control Gate,Gate,1,Homo,,,,,,,,
,Public,312FG49,Flow Control Gate,Gate,1,Kiln1,,,,,,,,
,Public,312FG52,Flow Control Gate,Gate,1,Kiln1,,,,,,,,
,Public,502FG01,Flow Control Gate (Silo A),Gate,1,Packing,,,,,,,,
,Public,502FG03,Flow Control Gate (Silo A),Gate,1,Packing,,,,,,,,
,Public,502FG05,Flow Control Gate (Silo A),Gate,1,Packing,,,,,,,,
,Public,502FG07,Flow Control Gate (Silo A),Gate,1,Packing,,,,,,,,
,Public,502FG09,Flow Control Gate (Silo A),Gate,1,Packing,,,,,,,,
,Public,502FG11,Flow Control Gate (Silo A),Gate,1,Packing,,,,,,,,
,Public,502FG23,Flow Control Gate (Silo B),Gate,1,Packing,,,,,,,,
,Public,502FG25,Flow Control Gate (Silo B),Gate,1,Packing,,,,,,,,
,Public,502FG27,Flow Control Gate (Silo B),Gate,1,Packing,,,,,,,,
,Public,502FG29,Flow Control Gate (Silo B),Gate,1,Packing,,,,,,,,
,Public,502FG31,Flow Control Gate (Silo B),Gate,1,Packing,,,,,,,,
,Public,502FG33,Flow Control Gate (Silo B),Gate,1,Packing,,,,,,,,
,Public,502FG45,Flow Control Gate (Silo C),Gate,1,Packing,,,,,,,,
,Public,502FG47,Flow Control Gate (Silo C),Gate,1,Packing,,,,,,,,
,Public,502FG49,Flow Control Gate (Silo C),Gate,1,Packing,,,,,,,,
,Public,502FG51,Flow Control Gate (Silo C),Gate,1,Packing,,,,,,,,
,Public,502FG53,Flow Control Gate (Silo C),Gate,1,Packing,,,,,,,,
,Public,502FG55,Flow Control Gate (Silo C),Gate,1,Packing,,,,,,,,
,Public,502FG67,Flow Control Gate (Silo D),Gate,1,Packing,,,,,,,,
,Public,502FG69,Flow Control Gate (Silo D),Gate,1,Packing,,,,,,,,
,Public,502FG71,Flow Control Gate (Silo D),Gate,1,Packing,,,,,,,,
,Public,502FG73,Flow Control Gate (Silo D),Gate,1,Packing,,,,,,,,
,Public,502FG75,Flow Control Gate (Silo D),Gate,1,Packing,,,,,,,,
,Public,502FG77,Flow Control Gate (Silo D),Gate,1,Packing,,,,,,,,
,Public,512FG01,Flow Control Gate,Gate,1,Packing,,,,,,,,
,Public,512FG07,Flow Control Gate,Gate,1,Packing,,,,,,,,
,Public,522FG01,Flow Control Gate,Gate,1,Packing,,,,,,,,
,Public,522FG07,Flow Control Gate,Gate,1,Packing,,,,,,,,
,Public,532FG01,Flow Control Gate,Gate,1,Packing,,,,,,,,
,Public,532FG07,Flow Control Gate,Gate,1,Packing,,,,,,,,
,Public,542FG01,Flow Control Gate,Gate,1,Packing,,,,,,,,
,Public,542FG07,Flow Control Gate,Gate,1,Packing,,,,,,,,
,Public,571FG01,Flow Control Gate,Gate,1,Packing,,,,,,,,
,Public,572FG01,Flow Control Gate,Gate,1,Packing,,,,,,,,
,Public,164FR02, Clay Crusher  filter Fan,Fan,1,RMA,,,,,,,,
,Public,645FS01,Fuel Oil Transfer Pump,Pump,1,Utilities1,,,,,,,,
,Public,317FT19,Double Flap Damper,Damper,1,Cooler1,,,,,,,,
,Public,236FV16,VIBRATING CONVEYOR 1,Vibration Conveyor,2,RMC,,,,,,,,
,Public,432FV15,VIBRATING FEEDER 1,Vibration Conveyor,2,CMC,,,,,,,,
,Public,432FV16,Vibration Conveyor,Vibration Conveyor,2,CMC,,,,,,,,
,Public,432FV17,VIBRATING FEEDER,Vibration Conveyor,2,CMC,,,,,,,,
,Public,216GG21,Secondary Air Fan Outlet Damper,Fan,1,Homo,,,,,,,,
,Public,226GG21,Evaporative Cooler Inlet Damper,Damper,1,Homo,,,,,,,,
,Public,623GG10,Integrated Combustion Air Fan,Fan,2,Coal2,,,,,,,,
,Public,321GN01,Diesel Generator,Diesel Generator,2,Cooler2,,,,,,,,
,Public,325GO29,PELLETISER SCRATCHING OUT,PELLETISER,2,Kiln2,,,,,,,,
,Public,317GR05,Cooler Grate Supp. Temp,Cooler,1,Cooler1,,,,,,,,
,Public,325HD55,Compressed Air Dryer,Air Dryer,2,Kiln2,,,,,,,,
,Public,501HD59,Compressed Air Dryer,Air Dryer,1,Packing,,,,,,,,
,Public,501HD63,Compressor Air Dryer,Air Dryer,1,Packing,,,,,,,,
,Public,620HD05,Compressed Air Dryer,Air Dryer,2,Coal2,,,,,,,,
,Public,620HD07,Compressed Air Dryer,Air Dryer,2,Coal2,,,,,,,,
,Public,920HD10,Air Dryer,Air Dryer,2,Utilities2,,,,,,,,
,Public,920HD22,Air Dryer,Air Dryer,2,Utilities2,,,,,,,,
,Public,10BHO13,Smoot Hopper For Clay Level Switch,Hopper,1,RMA,,,,,,,,
,Public,114HO01,Limestone Hopper Level Switch Low,Hopper,1,Crusher,,,,,,,,
,Public,115HO11,Limestone Buffer Silo Level  Switch High High,Hopper,1,RMA,,,,,,,,
,Public,206HO01,Hopper For Iron Ore Level Switch High High,Hopper,1,RMA,,,,,,,,
,Public,206HO03,Hopper For Additive Level High High,Hopper,1,RMA,,,,,,,,
,Public,216HO01,Hopper For Raw Mix Level Switch High High,Hopper,1,RMA,,,,,,,,
,Public,216HO07,Hopper For Limestone Level Switch High High,Hopper,1,RMA,,,,,,,,
,Public,226HO01,Hopper For Raw Mix Level Switch High High,Hopper,1,RMA,,,,,,,,
,Public,226HO07,Hopper For Limestone Level Switch High High,Hopper,1,RMA,,,,,,,,
,Public,312HO45,Kiln Feed Bin,Hopper,1,Kiln1,,,,,,,,
,Public,315HO49,dust Bin,Hopper,1,Kiln1,,,,,,,,
,Public,317HO23,Flapper Valve Limit Switch Close,Hopper,1,Cooler1,,,,,,,,
,Public,317HO24,Flapper Valve Limit Switch Close,Hopper,1,Cooler1,,,,,,,,
,Public,317HO25,Flapper Valve Limit Switch Close,Hopper,1,Cooler1,,,,,,,,
,Public,317HO26,Flapper Valve Limit Switch Close,Hopper,1,Cooler1,,,,,,,,
,Public,317HO27,Flapper Valve Limit Switch Close,Hopper,1,Cooler1,,,,,,,,
,Public,317HO28,Flapper Valve Limit Switch Close,Hopper,1,Cooler1,,,,,,,,
,Public,317HO29,Flapper Valve Limit Switch Close,Hopper,1,Cooler1,,,,,,,,
,Public,317HO30,Flapper Valve Limit Switch Close,Hopper,1,Cooler1,,,,,,,,
,Public,317HO31,Flapper Valve Limit Switch Close,Hopper,1,Cooler1,,,,,,,,
,Public,317HO32,Flapper Valve Limit Switch Close,Hopper,1,Cooler1,,,,,,,,
,Public,317HO33,Flapper Valve Limit Switch Close,Hopper,1,Cooler1,,,,,,,,
,Public,317HO34,Flapper Valve Limit Switch Close,Hopper,1,Cooler1,,,,,,,,
,Public,317HO35,Flapper Valve Limit Switch Close,Hopper,1,Cooler1,,,,,,,,
,Public,317HO36,Flapper Valve Limit Switch Close,Hopper,1,Cooler1,,,,,,,,
,Public,317HO37,Flapper Valve Limit Switch Close,Hopper,1,Cooler1,,,,,,,,
,Public,317HO38,Flapper Valve Limit Switch Close,Hopper,1,Cooler1,,,,,,,,
,Public,317HO39,Flapper Valve Limit Switch Close,Hopper,1,Cooler1,,,,,,,,
,Public,317HO40,Flapper Valve Limit Switch Close,Hopper,1,Cooler1,,,,,,,,
,Public,317HO41,Flapper Valve Limit Switch Close,Hopper,1,Cooler1,,,,,,,,
,Public,317HO42,Flapper Valve Limit Switch Close,Hopper,1,Cooler1,,,,,,,,
,Public,317HO43,Flapper Valve Limit Switch Close,Hopper,1,Cooler1,,,,,,,,
,Public,317HO44,Flapper Valve Limit Switch Close,Hopper,1,Cooler1,,,,,,,,
,Public,317HO45,Flapper Valve Limit Switch Close,Hopper,1,Cooler1,,,,,,,,
,Public,317HO46,Flapper Valve Limit Switch Close,Hopper,1,Cooler1,,,,,,,,
,Public,319HO23,Clinker Unburnt Level HH,Hopper,1,Cooler1,,,,,,,,
,Public,406HO01,Clinker Hopper Level  L,Hopper,1,CMB,,,,,,,,
,Public,406HO03,Gypsum Hopper A Level Switch HH,Hopper,1,CMB,,,,,,,,
,Public,406HO05,Additive Hopper Level Switch HH,Hopper,1,CMB,,,,,,,,
,Public,502HO19,Collecting Bin  Level Switch Hh,Hopper,1,Packing,,,,,,,,
,Public,502HO41,Collecting Bin  Level Switch Hh,Hopper,1,Packing,,,,,,,,
,Public,502HO63,Collecting Bin  Level Switch Hh,Hopper,1,Packing,,,,,,,,
,Public,502HO85,Collecting Bin  Level Switch Hh,Hopper,1,Packing,,,,,,,,
,Public,513HO01,Packer Feed Hopper  (3420A) Level Switch Hh,Hopper,1,Packing,,,,,,,,
,Public,523HO01,Packer Feed Hopper  (3420B) Level Switch Hh,Hopper,1,Packing,,,,,,,,
,Public,533HO01,Packer Feed Hopper  (3420C) Level Switch Hh,Hopper,1,Packing,,,,,,,,
,Public,543HO01,Packer Feed Hopper  (3420D) Level Switch Hh,Hopper,1,Packing,,,,,,,,
,Public,645HS13,Fuel Oil Pump,Pump,1,Cooler1,,,,,,,,
,Public,644HT01,Valve For Unloding Station  Heater,Heater,1,Utilities1,,,,,,,,
,Public,644HT03,Circulating Pump Heater,Heater,1,Utilities1,,,,,,,,
,Public,236HU54,Pump,Pump,2,RMC,,,,,,,,
,Public,236HU55,Pump,Pump,2,RMC,,,,,,,,
,Public,623HU10,Tensioning hydraulics,Pump,2,Coal2,,,,,,,,
,Public,216ID39,Inching Device,Inching Device,1,RMA,,,,,,,,
,Public,226ID39,Inching Device,Inching Device,1,RMB,,,,,,,,
,Public,316ID31,Inching Device,Inching Device,1,Kiln1,,,,,,,,
,Public,316ID33,Kiln Auxiliary Device,Inching Device,1,Kiln1,,,,,,,,
,Public,416ID23,Mill Inching Device A,Inching Device,1,CMA,,,,,,,,
,Public,416ID25,Mill Inching Device B,Inching Device,1,CMA,,,,,,,,
,Public,426ID23,Mill Inching Device A,Inching Device,1,CMB,,,,,,,,
,Public,426ID25,Mill Inching Device B,Inching Device,1,CMB,,,,,,,,
,Public,316KP11,Kiln Auxiliary Device,Pump,1,Kiln1,,,,,,,,
,Public,316KP13,Support Bearing Oil Pump,Pump,1,Kiln1,,,,,,,,
,Public,316KP15,Support Bearing Oil Pump,Pump,1,Kiln1,,,,,,,,
,Public,322LG18,Overhead Crane,Crane,2,RMC,,,,,,,,
,Public,323LG11,Overhead Crane,Crane,2,Kiln2,,,,,,,,
,Public,326LG26,Overhead Crane,Crane,2,Kiln2,,,,,,,,
,Public,436LG30,Overhead Crane,Crane,2,CMC,,,,,,,,
,Public,436LG31,Overhead Crane,Crane,2,CMC,,,,,,,,
,Public,436LG46,Overhead Crane,Crane,2,CMC,,,,,,,,
,Public,920LG09,Overhead Crane,Crane,2,Utilities2,,,,,,,,
,Public,323LI12,LIFT L2,Personal Elevator,2,Kiln2,,,,,,,,
,Public,325LS34,Bulk Loading,Bulk Loading,2,Kiln2,,,,,,,,
,Public,432LS18,Bulk Loading,Bulk Loading,2,CMC,,,,,,,,
,Public,571LS03,Bulk Loading,Bulk Loading,1,Packing,,,,,,,,
,Public,572LS03,Bulk Loading,Bulk Loading,1,Packing,,,,,,,,
,Public,216LU29,LP Pump Outlet,Lubrication Unit,1,RMA,,,,,,,,
,Public,216LU31,LP Pump Inlet,Lubrication Unit,1,RMA,,,,,,,,
,Public,216LU33,Lubrication Oil Spray Pump,Lubrication Unit,1,RMA,,,,,,,,
,Public,226LU29,LP Pump Outlet,Lubrication Unit,1,RMB,,,,,,,,
,Public,226LU31,LP Pump Inlet,Lubrication Unit,1,RMB,,,,,,,,
,Public,226LU33,Lubrication.Oil Spray Pump,Lubrication Unit,1,RMB,,,,,,,,
,Public,236LU56,ROLLER LUBRICATION HSMS 1-DELIVERY PUMP 1,Lubrication Unit,2,RMC,,,,,,,,
,Public,236LU57,ROLLER LUBRICATION HSMS 2-DELIVERY PUMP 1,Lubrication Unit,2,RMC,,,,,,,,
,Public,236LU58,MILL GREASE PUMP,Lubrication Unit,2,RMC,,,,,,,,
,Public,236LU59,CLASSIFIER CENTRAL GREASE UNIT-GREASE PUMP,Lubrication Unit,2,RMC,,,,,,,,
,Public,236LU60,MILL GEAR BOX LUBRICATION-HP OIL PUMP 3,Lubrication Unit,2,RMC,,,,,,,,
,Public,327LU14,LUBRICATION PUMP ROLL CRUSHER,Lubrication Unit,2,Cooler2,,,,,,,,
,Public,416LU19,Lubrication Unit ,Lubrication Unit,1,CMA,,,,,,,,
,Public,426LU19,Lubrication Unit,Lubrication Unit,1,CMB,,,,,,,,
,Public,115MA02,Magnetic Separator,Magnetic Separator,1,Crusher,,,,,,,,
,Public,236MA11,Magnetic Separator,Magnetic Separator,2,RMC,,,,,,,,
,Public,622MA09,Magnetic Separator,Magnetic Separator,2,Coal2,,,,,,,,
,Public,216MB25,Mill Inlet Gas,Mill,1,RMB,,,,,,,,
,Public,226MB25,Mill Inlet,Mill,1,RMB,,,,,,,,
,Public,436MB10,MILL BRAKE ON AUXILIARY DRIVE,Mill,2,CMC,,,,,,,,
,Public,200MC23,Motor Control Center,MCC,2,RMC,,,,,,,,
,Public,230MC05,Motor Control Center,MCC,2,RMC,,,,,,,,
,Public,320MC05,Motor Control Center,MCC,2,Kiln2,,,,,,,,
,Public,321MC05,Motor Control Center,MCC,2,Kiln2,,,,,,,,
,Public,400MC05,Motor Control Center,MCC,2,CMC,,,,,,,,
,Public,430MC05,Motor Control Center,MCC,2,CMC,,,,,,,,
,Public,500MC09,Motor Control Center,MCC,1,Packing,,,,,,,,
,Public,620MC05,Motor Control Center,MCC,2,Coal2,,,,,,,,
,Public,900MC05,Motor Control Center,MCC,2,Utilities2,,,,,,,,
,Public,216MS35,Raw Mill 1 Trunnion,Mill Trunnion,1,RMA,,,,,,,,
,Public,226MS35,Raw Mill 2 Trunnion,Mill Trunnion,1,RMB,,,,,,,,
,Public,236MV15,Main Drive,Electrical Panel,2,RMC,,,,,,,,
,Public,623MV21,Main Drive,Electrical Panel,2,Coal2,,,,,,,,
,Public,315MX63,Mixer,Mixer,1,Kiln1,,,,,,,,
,Public,325MX01,BY-PASS Mixer,Mixer,2,Kiln2,,,,,,,,
,Public,329PA01,DRAWN PAN CONVEYOR,Pan Conveor,2,Cooler2,,,,,,,,
,Public,418PF11,Pneumatic Pump,Pump,1,CMA,,,,,,,,
,Public,418PF15,Penumatic Pump,Pump,1,CMA,,,,,,,,
,Public,428PF11,Penumatic Pump,Pump,1,CMB,,,,,,,,
,Public,428PF15,Penumatic Pump,Pump,1,CMB,,,,,,,,
,Public,313PH01,ID Fan Oil Pump,Pump,1,Kiln1,,,,,,,,
,Public,513PM07,Packer A ,Rotary Packer,1,Packing,,HAVER,,,,,,
,Public,523PM07,Packer B spout 1,Rotary Packer,1,Packing,,,,,,,,
,Public,533PM07,Packer C spout 1,Rotary Packer,1,Packing,,,,,,,,
,Public,543PM07,Rotary Packer,Rotary Packer,1,Packing,,,,,,,,
,Public,553PM02,Packer E spout 1,Rotary Packer,1,Packing,,,,,,,,
,Public,5A3PM02,Packer F spout 1,Rotary Packer,2,Packing,,,,,,,,
,Public,641PP07,Oil Pipe Line,Pipe,1,Utilities1,,,,,,,,
,Public,645PP15,Oil Pipe Line,Pipe,1,Cooler1,,,,,,,,
,Public,218PS15,Air Lift,Air Lift,1,RMA,,,,,,,,
,Public,228PS15,Air Lift,Air Lift,1,RMB,,,,,,,,
,Public,312PS57,Air Left,Air Lift,1,Kiln1,,,,,,,,
,Public,236PU22,WATER PUMP,Pump,2,RMC,,,,,,,,
,Public,325PU42,WATER PUMP FOR WATER FEEDING SYSTEM,Pump,2,Kiln2,,,,,,,,
,Public,325PU43,CONDITIONING TOWER PUMP 1,Pump,2,Kiln2,,,,,,,,
,Public,325PU44,CONDITIONING TOWER PUMP 2,Pump,2,Kiln2,,,,,,,,
,Public,334PU43,323DT06 WATER INJECTION,Pump,2,Kiln2,,,,,,,,
,Public,334PU44,323DT06 WATER INJECTION (STAND BY),Pump,2,Kiln2,,,,,,,,
,Public,436PU80,PUMP(for grinding aids),Pump,2,CMC,,,,,,,,
,Public,641PU03,Unloding Station Oil Pump,Pump,1,Utilities1,,,,,,,,
,Public,641PU05,Unloding Station Oil Pump,Pump,1,Utilities1,,,,,,,,
,Public,645PU02,HFO PUMP,Pump,2,Cooler2,,,,,,,,
,Public,912PU03,Pump,Pump,2,Utilities2,,,,,,,,
,Public,912PU04,Pump,Pump,2,Utilities2,,,,,,,,
,Public,912PU08,Pump,Pump,2,Utilities2,,,,,,,,
,Public,912PU09,Pump,Pump,2,Utilities2,,,,,,,,
,Public,912PU10,Pump,Pump,2,Utilities2,,,,,,,,
,Public,912PU11,Pump,Pump,2,Utilities2,,,,,,,,
,Public,315QM65,Pelletizer Main Drive,Pelletizer,1,Kiln1,,,,,,,,
,Public,623QM69,Screw conveyor 1,Pelletizer,2,Coal2,,,,,,,,
,Public,623QM71,Screw conveyor 2,Pelletizer,2,Coal2,,,,,,,,
,Public,10BQR09,Clay Reclaimer Travel Speed,Reclaimer,1,RMA,,,,,,,,
,Public,202QR01,Raw Mix Reclaimer Speed Measurement,Reclaimer,2,RMC,,,,,,,,
,Public,216RA43,Rotary Air Lock 1,Rotary Conveyor,1,RMA,,,,,,,,
,Public,216RA45,Rotary Air Lock 2,Rotary Conveyor,1,RMA,,,,,,,,
,Public,216RA47,Rotary Air Lock 3,Rotary Conveyor,1,RMA,,,,,,,,
,Public,216RA49,Rotary Air Lock 4,Rotary Conveyor,1,RMA,,,,,,,,
,Public,226RA43,Rotary Air Lock 1,Rotary Conveyor,1,RMB,,,,,,,,
,Public,226RA45,Rotary Air Lock 2,Rotary Conveyor,1,RMB,,,,,,,,
,Public,226RA47,Rotary Air Lock 3,Rotary Conveyor,1,RMB,,,,,,,,
,Public,226RA49,Rotary Air Lock 4,Rotary Conveyor,1,RMB,,,,,,,,
,Public,236RA14,MILL FEEDING ROTARY FEEDER,Rotary Conveyor,2,RMC,,,,,,,,
,Public,312RA69,Rotary Feeder 2,Rotary Conveyor,1,Kiln1,,,,,,,,
,Public,314RA35,Rotary Conveyor,Rotary Conveyor,1,EP Filter,,,,,,,,
,Public,314RA39,Screw Conveyor Outlet  Slide Gate,Rotary Conveyor,1,EP Filter,,,,,,,,
,Public,314RA81,Chain Conveyor,Rotary Conveyor,1,EP Filter,,,,,,,,
,Public,314RA85,Rotary Valve Air Lock,Rotary Conveyor,1,EP Filter,,,,,,,,
,Public,315RA31,Pelletizer Scraper Side,Rotary Conveyor,1,Kiln1,,,,,,,,
,Public,315RA35,EP Rotary Valve,Rotary Conveyor,1,Kiln1,,,,,,,,
,Public,322RA12,ROTARY FEEDER,Rotary Conveyor,2,Kiln2,,,,,,,,
,Public,325RA05,ROTARY FEEDER UNDER  325SC04,Rotary Conveyor,2,Kiln2,,,,,,,,
,Public,325RA12,ROTARY FEEDER UNDER  325SC10,Rotary Conveyor,2,Kiln2,,,,,,,,
,Public,325RA13,ROTARY FEEDER UNDER  325SC10,Rotary Conveyor,2,Kiln2,,,,,,,,
,Public,325RA48,Rotary Conveyor,Rotary Conveyor,2,Kiln2,,,,,,,,
,Public,334RA19,ROTARY FEEDER UNDER  334CY18,Rotary Conveyor,2,RMC,,,,,,,,
,Public,334RA20,ROTARY FEEDER UNDER  334CY18,Rotary Conveyor,2,RMC,,,,,,,,
,Public,334RA47,ROTARY FEEDER,Rotary Conveyor,2,Kiln2,,,,,,,,
,Public,416RA43,Rotary Air lock,Rotary Conveyor,1,CMA,,,,,,,,
,Public,426RA43,Rotary Valve,Rotary Conveyor,1,CMB,,,,,,,,
,Public,436RA14,ROTARY FEEDER,Rotary Conveyor,2,CMC,,,,,,,,
,Public,436RA23,ROTARY FEEDER,Rotary Conveyor,2,CMC,,,,,,,,
,Public,436RA24,ROTARY FEEDER,Rotary Conveyor,2,CMC,,,,,,,,
,Public,622RA19,Bag filter rotary valve,Rotary Conveyor,2,Coal2,,,,,,,,
,Public,622RA28,Bag filter rotary valve,Rotary Conveyor,2,Coal2,,,,,,,,
,Public,623RA18,Rotary feeder,Rotary Conveyor,2,Coal2,,,,,,,,
,Public,623RA35,Bag filter rotary valve 1,Rotary Conveyor,2,Coal2,,,,,,,,
,Public,623RA37,Rotary Conveyor,Rotary Conveyor,2,Coal2,,,,,,,,
,Public,623RA39,Bag filter rotary valve 2,Rotary Conveyor,2,Coal2,,,,,,,,
,Public,623RA47,Rotary valve,Rotary Conveyor,2,Coal2,,,,,,,,
,Public,623RA51,Rotary valve,Rotary Conveyor,2,Coal2,,,,,,,,
,Public,623RA67,Rotary valve,Rotary Conveyor,2,Coal2,,,,,,,,
,Public,216SB05,Vibrating Screen Speed Switch,Vibration Conveyor,1,CMA,,,,,,,,
,Public,226SB05,Vibrating Screen Speed Switch,Vibration Conveyor,1,CMB,,,,,,,,
,Public,418SB05,Vibrating Screen,Vibration Conveyor,1,CMA,,,,,,,,
,Public,428SB05,Vibrating Screen,Vibration Conveyor,1,CMB,,,,,,,,
,Public,512SB05,Vibrating Screen ,Vibration Conveyor,1,Packing,,,,,,,,
,Public,522SB05,Vibrating Screen ,Vibration Conveyor,1,Packing,,,,,,,,
,Public,532SB05,Vibrating Screen,Vibration Conveyor,1,Packing,,,,,,,,
,Public,542SB05,Vibrating Screen,Vibration Conveyor,1,Packing,,,,,,,,
,Public,552SB02,SCREEN,Vibration Conveyor,1,Packing,,,,,,,,
,Public,5A2SB02,SCREEN,Vibration Conveyor,2,Packing,,,,,,,,
,Public,312SC65,Screw Conveyor,Screw Conveyor,1,Kiln1,,,,,,,,
,Public,314SC06,Screw Conveyor,Screw Conveyor,1,EP Filter,,,,,,,,
,Public,314SC33,Screw Conveyor,Screw Conveyor,1,EP Filter,,,,,,,,
,Public,314SC37,Screw Conveyor,Screw Conveyor,1,EP Filter,,,,,,,,
,Public,314SC58,Screw Conveyor,Screw Conveyor,1,EP Filter,,,,,,,,
,Public,314SC79,Screw Conveyor,Screw Conveyor,1,EP Filter,,,,,,,,
,Public,314SC83,Screw Conveyor,Screw Conveyor,1,EP Filter,,,,,,,,
,Public,315SC29,EP Rotary Valve,Screw Conveyor,1,Kiln1,,,,,,,,
,Public,315SC33,EP Screw Conveyor,Screw Conveyor,1,Kiln1,,,,,,,,
,Public,315SC43,EP Screw Conveyor,Screw Conveyor,1,Kiln1,,,,,,,,
,Public,315SC47,Screw Conveyor,Screw Conveyor,1,Kiln1,,,,,,,,
,Public,315SC61,Screw Conveyor,Screw Conveyor,1,Kiln1,,,,,,,,
,Public,325SC04,SCREW UNDER CONDITIONING TOWER,Screw Conveyor,2,Kiln2,,,,,,,,
,Public,325SC07,SCREW CONVEYOR,Screw Conveyor,2,Kiln2,,,,,,,,
,Public,325SC10,SCREW UNDER FILTER,Screw Conveyor,2,Kiln2,,,,,,,,
,Public,325SC11,SCREW UNDER FILTER,Screw Conveyor,2,Kiln2,,,,,,,,
,Public,325SC23,SCREW CONVEYOR,Screw Conveyor,2,Kiln2,,,,,,,,
,Public,325SC26,SCREW CONVEYOR,Screw Conveyor,2,Kiln2,,,,,,,,
,Public,325SC58,SCREW CONVEYOR,Screw Conveyor,2,Kiln2,,,,,,,,
,Public,325SC61,SCREW CONVEYOR,Screw Conveyor,2,Kiln2,,,,,,,,
,Public,334SC26,SCREW UNDER FILTER,Screw Conveyor,2,Kiln2,,,,,,,,
,Public,334SC27,SCREW UNDER FILTER,Screw Conveyor,2,Kiln2,,,,,,,,
,Public,334SC28,SCREW UNDER FILTER,Screw Conveyor,2,Kiln2,,,,,,,,
,Public,334SC29,SCREW UNDER FILTER,Screw Conveyor,2,Kiln2,,,,,,,,
,Public,334SC46,SCREW UNDER FILTER,Screw Conveyor,2,Kiln2,,,,,,,,
,Public,416SC41,Screw Conveyor,Screw Conveyor,1,CMA,,,,,,,,
,Public,423SC21,SCREW CONVEYOR,Screw Conveyor,2,CMC,,,,,,,,
,Public,426SC41,Screw Conveyor,Screw Conveyor,1,CMB,,,,,,,,
,Public,431SC06,SCREW CONVEYOR,Screw Conveyor,2,Cooler2,,,,,,,,
,Public,503SC09,Screw Conveyor ,Screw Conveyor,1,Packing,,,,,,,,
,Public,503SC11,Screw Conveyor ,Screw Conveyor,1,Packing,,,,,,,,
,Public,513SC13,Screw Conveyor ,Screw Conveyor,1,Packing,,,,,,,,
,Public,513SC15,Screw Conveyor ,Screw Conveyor,1,Packing,,,,,,,,
,Public,523SC13,Screw Conveyor ,Screw Conveyor,1,Packing,,,,,,,,
,Public,523SC15,Screw Conveyor ,Screw Conveyor,1,Packing,,,,,,,,
,Public,533SC13,Screw Conveyor ,Screw Conveyor,1,Packing,,,,,,,,
,Public,533SC15,Screw Conveyor ,Screw Conveyor,1,Packing,,,,,,,,
,Public,543SC13,Screw Conveyor,Screw Conveyor,1,Packing,,,,,,,,
,Public,543SC15,Screw Conveyor,Screw Conveyor,1,Packing,,,,,,,,
,Public,552SC04,SCREW,Screw Conveyor,1,Packing,,,,,,,,
,Public,553SC08,SCREW,Screw Conveyor,1,Packing,,,,,,,,
,Public,553SC12,SCREW,Screw Conveyor,1,Packing,,,,,,,,
,Public,553SC13,SCREW CONVEYOR,Screw Conveyor,1,Packing,,,,,,,,
,Public,5A2SC04,SCREW,Screw Conveyor,2,Packing,,,,,,,,
,Public,5A3SC08,SCREW,Screw Conveyor,2,Packing,,,,,,,,
,Public,5A3SC12,SCREW,Screw Conveyor,2,Packing,,,,,,,,
,Public,5A3SC13,SCREW CONVEYOR,Screw Conveyor,2,Packing,,,,,,,,
,Public,622SC27,Bag filter screw conveyor,Screw Conveyor,2,Coal2,,,,,,,,
,Public,623SC19,Double shaft screw conveyor,Screw Conveyor,2,Coal2,,,,,,,,
,Public,623SC33,Bag filter screw conveyor 1,Screw Conveyor,2,Coal2,,,,,,,,
,Public,623SC37,Bag filter screw conveyor 2,Screw Conveyor,2,Coal2,,,,,,,,
,Public,623SC41,Screw conveyor,Screw Conveyor,2,Coal2,,,,,,,,
,Public,623SC45,Screw conveyor,Screw Conveyor,2,Coal2,,,,,,,,
,Public,311SO01,Homo Silo,Silo,1,Homo,,,,,,,,
,Public,311SO07,Homo Silo,Silo,1,Homo,,,,,,,,
,Public,401SO01,Clinker Silo,Silo,1,Cooler1,,,,,,,,
,Public,401SO03,Clinker Silo,Silo,1,Cooler1,,,,,,,,
,Public,501SO05,Silo Cone,Silo,1,Packing,,,,,,,,
,Public,501SO19,Silo Cone,Silo,1,Packing,,,,,,,,
,Public,501SO33,Silo Cone,Silo,1,CMB,,,,,,,,
,Public,501SO47,Silo Cone,Silo,1,CMB,,,,,,,,
,Public,216SP41,Separator,Separator,1,RMA,,,,,,,,
,Public,226SP41,Separator,Separator,1,RMB,,,,,,,,
,Public,436SP18,Separator,Separator,2,CMC,,,,,,,,
,Public,322SZ08,Sampler,Sampler,2,Kiln2,,,,,,,,
,Public,334SZ23,Sampler,Sampler,2,Kiln2,,,,,,,,
,Public,418SZ09,Sampler For Cement Mill,Sampler,1,CMA,,,,,,,,
,Public,428SZ09,Sampler For Cement Mill,Sampler,1,CMB,,,,,,,,
,Public,436SZ28,SCREW SAMPLER,Sampler,2,CMC,,,,,,,,
,Public,314TC05,Evaporative Cooler,Cooling Tower,1,EP Filter,,,,,,,,
,Public,314TC57,Evaporative Cooler,Cooling Tower,1,EP Filter,,,,,,,,
,Public,315TC07,Gas Cond. Tower,Cooling Tower,1,Kiln1,,,,,,,,
,Public,230TF10,Transformer,Transformer,2,RMC,,,,,,,,
,Public,230TF40,Transformer,Transformer,2,RMC,,,,,,,,
,Public,320TF10,Transformer,Transformer,2,Kiln2,,,,,,,,
,Public,320TF40,Transformer,Transformer,2,Kiln2,,,,,,,,
,Public,321TF20,Transformer,Transformer,2,Kiln2,,,,,,,,
,Public,321TF40,Transformer,Transformer,2,Kiln2,,,,,,,,
,Public,430TF05,Transformer,Transformer,2,CMC,,,,,,,,
,Public,430TF10,Transformer,Transformer,2,CMC,,,,,,,,
,Public,430TF15,Transformer,Transformer,2,CMC,,,,,,,,
,Public,430TF40,Transformer,Transformer,2,CMC,,,,,,,,
,Public,620TF10,Transformer,Transformer,2,Coal2,,,,,,,,
,Public,620TF40,Transformer,Transformer,2,Coal2,,,,,,,,
,Public,900TF10,Transformer,Transformer,2,Utilities2,,,,,,,,
,Public,900TF40,Transformer,Transformer,2,Utilities2,,,,,,,,
,Public,516TG13,Bag Loader,Truck Loader,1,Packing,,,,,,,,
,Public,516TG15,Bag Loader,Truck Loader,1,Packing,,,,,,,,
,Public,526TG13,Bag Loader,Truck Loader,1,Packing,,,,,,,,
,Public,526TG15,Bag Loader,Truck Loader,1,Packing,,,,,,,,
,Public,536TG15,Bag Loader,Truck Loader,1,Packing,,,,,,,,
,Public,536TG17,Bag Loader,Truck Loader,1,Packing,,,,,,,,
,Public,546TG15,Bag Loader,Truck Loader,1,Packing,,,,,,,,
,Public,546TG17,Bag Loader,Truck Loader,1,Packing,,,,,,,,
,Public,556TG06,Bag Loader,Truck Loader,1,Packing,,,,,,,,
,Public,556TG07,Bag Loader,Truck Loader,1,Packing,,,,,,,,
,Public,5A6TG06,Bag Loader,Truck Loader,2,Packing,,,,,,,,
,Public,5A6TG07,Bag Loader,Truck Loader,2,Packing,,,,,,,,
,Public,316TH25,KILN HYDRAULIC THRUST,Hydraulic Thrust,1,Kiln1,,,,,,,,
,Public,326TH04,KILN HYDRAULIC THRUST,Hydraulic Thrust,2,Kiln2,,,,,,,,
,Public,315TK30,Water Head Tank,Tank,1,Kiln1,,,,,,,,
,Public,501TN57,Compressor Air Tank,Tank,1,Packing,,,,,,,,
,Public,501TN61,Compressor Air Tank,Tank,1,Packing,,,,,,,,
,Public,644TN07,Tank,Tank,1,Utilities1,,,,,,,,
,Public,644TN09,Tank,Tank,1,Utilities1,,,,,,,,
,Public,208VA03,Valve,Valve,1,Homo,,,,,,,,
,Public,208VA05,Shut-Off Gate,Valve,1,Homo,,,,,,,,
,Public,312VA13,Cut Off Valve (VV11) ,Valve,1,Homo,,,,,,,,
,Public,312VA30,Cut Off Valve (VV11) ,Valve,1,Homo,,,,,,,,
,Public,402VA37,Discharge Gate,Valve,1,CMA,,,,,,,,
,Public,402VA39,Discharge Gate,Valve,1,CMA,,,,,,,,
,Public,402VA41,Discharge Gate,Valve,1,CMA,,,,,,,,
,Public,402VA43,Discharge Gate,Valve,1,CMA,,,,,,,,
,Public,402VA45,Discharge Gate,Valve,1,CMA,,,,,,,,
,Public,402VA47,Discharge Gate,Valve,1,CMA,,,,,,,,
,Public,402VA49,Discharge Gate,Valve,1,CMA,,,,,,,,
,Public,402VA51,Discharge Gate,Valve,1,CMA,,,,,,,,
,Public,402VA53,Discharge Gate,Valve,1,CMA,,,,,,,,
,Public,402VA55,Discharge Gate,Valve,1,CMA,,,,,,,,
,Public,402VA57,Discharge Gate,Valve,1,CMA,,,,,,,,
,Public,402VA59,Discharge Gate,Valve,1,CMA,,,,,,,,
,Public,402VA61,Discharge Gate,Valve,1,CMA,,,,,,,,
,Public,402VA63,Discharge Gate,Valve,1,CMA,,,,,,,,
,Public,402VA65,Discharge Gate,Valve,1,CMA,,,,,,,,
,Public,402VA67,Discharge Gate,Valve,1,CMA,,,,,,,,
,Public,402VA69,Discharge Gate,Valve,1,CMA,,,,,,,,
,Public,402VA71,Discharge Gate,Valve,1,CMA,,,,,,,,
,Public,432VA01,THROTTLE GATE,Valve,2,CMC,,,,,,,,
,Public,432VA02,THROTTLE GATE,Valve,2,CMC,,,,,,,,
,Public,432VA03,THROTTLE GATE,Valve,2,CMC,,,,,,,,
,Public,432VA04,THROTTLE GATE,Valve,2,CMC,,,,,,,,
,Public,432VA05,THROTTLE GATE,Valve,2,CMC,,,,,,,,
,Public,432VA06,THROTTLE GATE,Valve,2,CMC,,,,,,,,
,Public,432VA07,THROTTLE GATE,Valve,2,CMC,,,,,,,,
,Public,432VA08,THROTTLE GATE,Valve,2,CMC,,,,,,,,
,Public,432VA09,THROTTLE GATE,Valve,2,CMC,,,,,,,,
,Public,432VA10,THROTTLE GATE,Valve,2,CMC,,,,,,,,
,Public,503VC01,Vacuum Cleaner,Vacuum Cleaner,1,Packing,,,,,,,,
,Public,503VC03,Vacuum Cleaner,Vacuum Cleaner,1,Packing,,,,,,,,
,Public,623VC10,Vacuum Cleaner,Vacuum Cleaner,2,Coal2,,,,,,,,
,Public,623VC20,Vacuum Cleaner,Vacuum Cleaner,2,Coal2,,,,,,,,
,Public,312VN40,Flow Control Gate,Valve,1,Homo,,,,,,,,
,Public,312VN71,Flow Control Gate,Valve,1,Homo,,,,,,,,
,Public,315VN51,Gas Cond. Tower Douple Flap Damper,Valve,1,Kiln1,,,,,,,,
,Public,315VN53,Flow Control Valve,Valve,1,Kiln1,,,,,,,,
,Public,317VN73,Gate Valve,Valve,1,Cooler1,,,,,,,,
,Public,317VN75,Gate Valve,Valve,1,Cooler1,,,,,,,,
,Public,334VN15,Flow Control Gate,Valve,2,RMC,,,,,,,,
,Public,334VN16,Flow Control Gate,Valve,2,RMC,,,,,,,,
,Public,200VV01,DIVERTER TO RAW MILLS,Valve,2,RMC,,,,,,,,
,Public,200VV04,DIVERTER TO HOPPERS RAW MILL 236MV15,Valve,2,RMC,,,,,,,,
,Public,202VV02,DIVERTER TO RAW MILLS,Valve,2,RMC,,,,,,,,
,Public,202VV07,DIVERTER TO RAW MILLS,Valve,2,RMC,,,,,,,,
,Public,316VV41,Kiln Burner Valve,Valve,1,Cooler1,,,,,,,,
,Public,322VV32,DIVERTER FOR RAW MATERIAL,Valve,2,Kiln2,,,,,,,,
,Public,322VV33,DIVERTER FOR RAW MATERIAL,Valve,2,Kiln2,,,,,,,,
,Public,325VV06,DOUBLE DUMP UNDER  325SC04,Valve,2,Kiln2,,,,,,,,
,Public,325VV28,BY-PASS,Valve,2,Kiln2,,,,,,,,
,Public,325VV57,BY-PASS,Valve,2,Kiln2,,,,,,,,
,Public,327VV26,SHUT OFF FLAP HEAT SHIELD FAN RIGHT,Valve,2,Cooler2,,,,,,,,
,Public,328VV04,DOUBLE FLAP 1,Valve,2,Cooler2,,,,,,,,
,Public,328VV05,DOUBLE FLAP 2,Valve,2,Cooler2,,,,,,,,
,Public,329VV02,DIVERTER TO CLINKER SILO / UNBURNT SILO,Valve,2,Cooler2,,,,,,,,
,Public,423VV01,DIVERTER,Valve,2,CMC,,,,,,,,
,Public,423VV09,DIVERTER,Valve,2,CMC,,,,,,,,
,Public,423VV20,DIVERTER,Valve,2,CMC,,,,,,,,
,Public,438VV11,BY-PASS ON AIR SLIDE,Valve,2,CMC,,,,,,,,
,Public,438VV12,BY-PASS ON AIR SLIDE,Valve,2,CMC,,,,,,,,
,Public,438VV14,BY-PASS ON AIR SLIDE,Valve,2,CMC,,,,,,,,
,Public,556VV03,SHIFTER BELT,Valve,1,Packing,,,,,,,,
,Public,5A6VV03,SHIFTER BELT,Valve,2,Packing,,,,,,,,
,Public,571WD05,Weigh Bridge,Weigh Bridge,1,Packing,,,,,,,,
,Public,572WD05,Weigh Bridge,Weigh Bridge,1,Packing,,,,,,,,
,Public,216WF05,Weigh Feeder For Raw mix,weigh Feeder,1,RMA,,,,,,,,
,Public,216WF11,Weigh Feeder For Pure Limestone,weigh Feeder,1,RMA,,,,,,,,
,Public,216WF13,Weigh Feeder For Iron Ore,weigh Feeder,1,RMA,,,,,,,,
,Public,216WF15,Weigh Feeder For Additive,weigh Feeder,1,RMA,,,,,,,,
,Public,226WF05,Additive Weigh Feeder For Raw Mill  ,weigh Feeder,1,RMB,,,,,,,,
,Public,226WF11,Weigh Feeder For Pure Limestone,weigh Feeder,1,RMB,,,,,,,,
,Public,226WF13,Weigh Feeder For Iron Ore,weigh Feeder,1,RMB,,,,,,,,
,Public,226WF15,Weigh Feeder For Additive,weigh Feeder,1,RMB,,,,,,,,
,Public,236WF00,weigh Feeder,weigh Feeder,2,RMC,,,,,,,,
,Public,322WF05,weigh Feeder,weigh Feeder,2,Kiln2,,,,,,,,
,Public,416WF13,Clinker weigh feeder,weigh Feeder,1,CMA,,,,,,,,
,Public,416WF15,Gypsuim weigh feeder,weigh Feeder,1,CMA,,,,,,,,
,Public,416WF17,Additive weigh feeder,weigh Feeder,1,CMA,,,,,,,,
,Public,426WF01,Clinker weigh feeder,weigh Feeder,1,CMB,,,,,,,,
,Public,426WF03,Gypsum weigh feeder,weigh Feeder,1,CMB,,,,,,,,
,Public,426WF05,Additive weigh feeder,weigh Feeder,1,CMB,,,,,,,,
,Public,436WF00,weigh Feeder,weigh Feeder,2,CMC,,,,,,,,
,Public,623WF05,Belt weightfeeder,weigh Feeder,2,Coal2,,,,,,,,
,Public,623WF13,Belt weightfeeder,weigh Feeder,2,Coal2,,,,,,,,
,Public,624WF15,weigh Feeder,weigh Feeder,2,Coal2,,,,,,,,
,Public,624WF21,weigh Feeder,weigh Feeder,2,Coal2,,,,,,,,
,Public,216XY21,Oil Spray,Spray System,1,CMA,,,,,,,,
,Public,316XY37,Support Bearing Oil,Spray System,1,Kiln1,,,,,,,,
,Public,317XY47,Secondary Air,Spray System,1,Cooler1,,,,,,,,
,Public,416XY21,Oil Spray Pump,Spray System,1,CMB,,,,,,,,
,Public,416XY33,Spray System,Spray System,1,CMA,,,,,,,,
,Public,426XY21,Oil Spray Pump,Spray System,1,CMB,,,,,,,,
,Public,426XY33,EP Outlet ,Spray System,1,CMB,,,,,,,,
,Public,516ZX11,Bag Deflector Device,Belt Conveyor,1,Packing,,,,,,,,
,Public,526ZX11,Bags Deflecting Device ,Belt Conveyor,1,Packing,,,,,,,,
,Public,536ZX13,Bags Deflecting Device Belt Drive ,Belt Conveyor,1,Packing,,,,,,,,
,Public,546ZX13,Bags Deflecting Device Belt Drive ,Belt Conveyor,1,Packing,,,,,,,,
,Public,613DA75,Waste Fan,Fan,1,Coal1,,,,,,,,
,Public,315FA39,Bypass Fan,Fan,1,Kiln1,,,,,,,,
,Public,913FS01,H.P. Water System Fir Pump 132KW 380V,Fire Fighting,1,Utilities1,,,,,,,,
,Public,105ST07,R.Mix Stacker Belt Conveyor,Belt Conveyor,1,RMA,,,,,,,,
,Public,10BQR09,Clay Reclaimer,Reclaimer,1,RMA,,,,,,,,
,Public,164CR01,Coares Clay Crusher,Crusher,1,RMA,,,,,,,,
,Public,216AF09,Apron Feeder For Pure Lime Stone 11Kw,Apron Conveyor,1,RMA,,,,,,,,
,Public,313FA77,New ID Fan # A,Fan,1,Kiln1,,,,,,,,
,Public,313FA79,New ID Fan # B,Fan,1,Kiln1,,,,,,,,
,Public,316DR27,Kiln Main Drive,Kiln,1,Kiln1,,,,,,,,
,Public,418CM13,Pnum. Pump Compressor 400KW 11KV,Compressor,1,CMA,,,,,,,,
,Public,418CM17,Pnum. Pump Compressor 400KW 11KV,Compressor,1,CMA,,,,,,,,
,Public,428CM13,Pnum. Pump Compressor 400KW 11KV,Compressor,1,CMB,,,,,,,,
,Public,428CM17,Pnum. Pump Compressor 400KW 11KV,Compressor,1,CMB,,,,,,,,
,Public,922CM01,Air Plant Compressor 250 KW 380V,Compressor,1,Utilities1,,,,,,,,
,Public,922CM02,COMPRESSOR MOTOR,Compressor,1,Utilities1,,,,,,,,
,Public,922CM03,Air Plant Compressor 250 KW 380V,Compressor,1,Utilities1,,,,,,,,
,Public,922CM04,COMPRESSOR MOTOR,Compressor,1,Utilities1,,,,,,,,
,Public,922CM05,Air Plant Compressor 250 KW 380V,Compressor,1,Utilities1,,,,,,,,
,Public,322VA31,Kiln Feed Gate,Gate,2,Kiln2,,,,,,,,
,Public,323BD09,Smoke Chamber,,2,Kiln2,,,,,,,,
,Public,323CA07,Cone Precalciner,,2,Kiln2,,,,,,,,
,Public,323CY01,Outlet Cyclone 1A,,2,Kiln2,,,,,,,,
,Public,323CY02,Outlet Cyclone 2,,2,Kiln2,,,,,,,,
,Public,323CY03,Outlet Cyclone 3,,2,Kiln2,,,,,,,,
,Public,323CY04,Outlet Cyclone 4,,2,Kiln2,,,,,,,,
,Public,323CY05,Outlet Cyclone 5,,2,Kiln2,,,,,,,,
,Public,323DB15,Preheater fresh air damper,,2,Kiln2,,,,,,,,
,Public,323VA01,Precalciner Hevey Oil Fuel,,2,Kiln2,,,,,,,,
,Public,324AG10,Main Stack,,2,Kiln2,,,,,,,,
,Public,324SN01,1PU6 Flow Red. Agent,,2,Kiln2,,,,,,,,
,Public,325AW39,CT Water,,2,Kiln2,,,,,,,,
,Public,325DA52,Bybass bin Filter Damper,,2,Kiln2,,,,,,,,
,Public,325DA62,Dilution Fan Damper,,2,Kiln2,,,,,,,,
,Public,325DC08,Bag Filter panel,,2,Kiln2,,,,,,,,
,Public,325DT14,CT Inlet,,2,Kiln2,,,,,,,,
,Public,325DT15,CT Hopper,,2,Kiln2,,,,,,,,
,Public,325HO25,By Pass Dust Bin,,2,Kiln2,,,,,,,,
,Public,325TC03,CT Spray Water Header 1,,2,Kiln2,,,,,,,,
,Public,325YW40,Bypass Bin,,2,Kiln2,,,,,,,,
,Public,326BD23,Firing Hood,,2,Kiln2,,,,,,,,
,Public,326DT25,Precalciner combustion,,2,Kiln2,,,,,,,,
,Public,326KI02,Upstream Bearing 3,,2,Kiln2,,,,,,,,
,Public,331SO01,Meal Storage Silo,,2,Kiln2,,,,,,,,
,Public,331VA08,Homo Silo Gate,,2,Kiln2,,,,,,,,
,Public,331VA11,Homo Silo Gate,,2,Kiln2,,,,,,,,
,Public,331VA14,Homo Silo Gate,,2,Kiln2,,,,,,,,
,Public,331VA17,Homo Silo Gate,,2,Kiln2,,,,,,,,
,Public,331VA20,Homo Silo Gate,,2,Kiln2,,,,,,,,
,Public,331VA23,Homo Silo Gate,,2,Kiln2,,,,,,,,
,Public,334AW02,Water Supply,,2,Kiln2,,,,,,,,
,Public,334DC25,Filter,,2,Kiln2,,,,,,,,
,Public,334DT03,Fresh Air Inlet,,2,Kiln2,,,,,,,,
,Public,334DT04,ID Fan,,2,Kiln2,,,,,,,,
,Public,334TN01,Tank,,2,Kiln2,,,,,,,,
,Public,334TR52,Opacimeter Dust Analysis,,2,Kiln2,,,,,,,,
,Public,633AB01,Alternative Fuel Calciner Pressure DSS,,2,DSS,,,,,,,,
,Public,634AB01,Alternative Fuel Main Burner Pressure DSS,,2,DSS,,,,,,,,
,Public,645HT07,Fuel Oil 2 Temperature,,2,Cooler2,,,,,,,,
,Public,645HT17,Fuel Oil 3 Temperature,,2,Cooler2,,,,,,,,
,Public,645PP05,Fuel Oil 2 Pressure 1,,2,Cooler2,,,,,,,,
,Public,645PU03,Heavey oil Low Load Pump Temperature,,2,Cooler2,,,,,,,,
,Public,645PU13,Heavey oil High Load Pump Temperature,,2,Cooler2,,,,,,,,
,Public,645VA06,Kiln Fuel Main Burner Flowrate(Hevey Oil),,2,Cooler2,,,,,,,,
,Public,652VA03,Precalciner burner Gas Flow,,2,Cooler2,,,,,,,,
,Public,324BP30,Auxiliary Burner HFO Flow,,2,Cooler2,,,,,,,,
,Public,327DR15,Grate Oil Tank Level,,2,Cooler2,,,,,,,,
,Public,328DT08,Cooler Gas Exit Temperature,,2,Cooler2,,,,,,,,
,Public,328TR15,Dust Emissions Analyzer Cooler Stack,,2,Cooler2,,,,,,,,
,Public,327GR02,Grate Plate Temp Kids Row2,,2,Cooler2,,,,,,,,
,Public,327GR03,Grate Plate Temp Row 10Left,,2,Cooler2,,,,,,,,
,Public,431SO01,Clinker Storage Silo Level,,2,Cooler2,,,,,,,,
,Public,431SO02,Unburnt Silo Level,,2,Cooler2,,,,,,,,
,Public,645HT03,Heavy Oil Temp,,2,Cooler2,,,,,,,,
,Public,652VA02,Kiln Burner Gas Flow rate,,2,Cooler2,,,,,,,,
,Public,622DC17,Filter17 Diff Pressure,,2,Coal2,,,,,,,,
,Public,622DC25,Filter25 Diff Pressure,,2,,,,,,,,,
,Public,623AG90,CO BEFOR MILL,,2,,,,,,,,,
,Public,623FA55,Mill Fan,,2,,,,,,,,,
,Public,623GB10,Oil Flow to Gearbox,,2,,,,,,,,,
,Public,623HO01,Silo1 Level,,2,,,,,,,,,
,Public,623HO09,Silo2 Level,,2,,,,,,,,,
,Public,623SP23,Classifier Upper Bearing,,2,,,,,,,,,
,Public,624SO01,Silo2,,2,,,,,,,,,
,Public,624SO19,Silo2,,2,,,,,,,,,
,Public,631SO01,DSS SILO Level,,2,,,,,,,,,
,Public,632AG92,CO DSS SILO,,2,,,,,,,,,
,Public,633WF23,Calciner DSS Dosing,,2,,,,,,,,,
,Public,634WF25,MB DSS Dosing,,2,,,,,,,,,
,Public,105BC11, Clay Belt Scale,,2,,,,,,,,,
,Public,202BC14,Belt Conveyor For Raw Mix ,,2,,,,,,,,,
,Public,216SM22,RM Rejects (t/h),,2,,,,,,,,,
,Public,314DA61,Exhaust fan outlet damper,,2,,,,,,,,,
,Public,226SM22,RM Rejects (t/h),,2,,,,,,,,,
,Public,314DA63,Exhaust fan outlet damper,,2,,,,,,,,,
,Public,236GG10,HGG Temperature 1,,2,,,,,,,,,
,Public,236WF05,Limstone Weigh Feeder,,2,,,,,,,,,
,Public,236WF07,Clay Weigh Feeder,,2,,,,,,,,,
,Public,236WF08,Sand Weigh Feeder,,2,,,,,,,,,
,Public,236WF09,Iron Ore Weigh,,2,,,,,,,,,
,Public,326DA24,Hot Gas Damper,,2,,,,,,,,,
,Public,334DT05,Mill Inlet 1 ,,2,,,,,,,,,
,Public,334DT07,Outlet Mill ,,2,,,,,,,,,
,Public,334DT08,Outlet Cyclone For DP,,2,,,,,,,,,
,Public,334DT09,Recirculation Fan,,2,,,,,,,,,
,Public,416WF01,Clinker Weigh Feeder,,2,CMA,,,,,,,,
,Public,416WF03,Gypsum Weigh Feeder,,2,CMA,,,,,,,,
,Public,416WF05,Additive Weigh Feeder,,2,CMA,,,,,,,,
,Public,436DC11,Bag Filter Differential,,2,CMC,,,,,,,,
,Public,436DC19,Filter,,2,CMC,,,,,,,,
,Public,436DT35,Cement Mill Outlet,,2,CMC,,,,,,,,
,Public,436DT36,Mill Filter Outlet,,2,CMC,,,,,,,,
,Public,436DT38,TSV Exit Draft,,2,CMC,,,,,,,,
,Public,436DT39,Mill Filter Outlet,,2,CMC,,,,,,,,
,Public,436DT40,TSV Inlet,,2,CMC,,,,,,,,
,Public,436SM26,CM Rejects (t/h),,2,CMC,,,,,,,,
,Public,436TR75,Dust Emissions Stack,,2,CMC,,,,,,,,
,Public,436WF05,Clinker Weigh Feeder,,2,CMC,,,,,,,,
,Public,436WF06,Gypsum Weigh Feeder,,2,CMC,,,,,,,,
,Public,436WF07,Slag  Weigh Feeder,,2,CMC,,,,,,,,
,Public,436WF08,Limestone Weigh Feeder,,2,CMC,,,,,,,,
,Public,642TN01,Main Oil Storage Tank A,,2,Utilities1,,,,,,,,
,Public,642TN03,Main Oil Storage Tank B,,2,Utilities1,,,,,,,,
,Public,910PP25,Potable Water Outlet Pump,,2,Utilities1,,,,,,,,
,Public,910PP29,Raw Water   ,,2,Utilities1,,,,,,,,
,Public,910PP41,Industriel Water Outlet Pump   ,,2,Utilities1,,,,,,,,
,Public,910TN23,Raw Water Storage Tank,,2,Utilities1,,,,,,,,
,Public,910TN51,Filtr Treated Wat. Storage,,2,Utilities1,,,,,,,,
,Public,911TS19,Potable Water Basin ,,2,Utilities1,,,,,,,,
,Public,912PU05,Industrial Water Inlet Cooler,,2,Utilities1,,,,,,,,
,Public,922TN07,Compressed Air Tank,,2,Utilities1,,,,,,,,
,Public,912RV01,Flow Meter Industrial Hot Water Tank,,2,Utilities1,,,,,,,,
,Public,316BP35,Thermal Oil Heater,,1,Cooler1,,,,,,,,
